nation,worldCupYear,playerName,playerId,jerseyNumber,rating,position,attack,defense,isLegendary
ALG,1982,Cerbah,mehdi-cerbah,1,77,GK,0,77,false
ALG,1982,Guendouz,mahmoud-guendouz,2,77,CB,9,77,false
ALG,1982,Kouici,mustapha-kouici,3,74,CB,9,74,false
ALG,1982,Kourichi,noureddine-kourichi,4,77,CB,9,77,false
ALG,1982,Merzekane,chaabane-merzekane,5,77,RB,9,77,false
ALG,1982,Bencheikh,ali-bencheikh,6,76,RW/LW,76,9,false
ALG,1982,Assad,salah-assad,7,80,LW,80,10,false
ALG,1982,Fergani,ali-fergani,8,78,CM,35,35,false
ALG,1982,Bensaoula,tedj-bensaoula,9,78,ST,78,9,false
ALG,1982,Belloumi,lakhdar-belloumi,10,81,CM,36,36,true
ALG,1982,Madjer,rabah-madjer,11,81,ST,81,10,true
ALG,1982,Larbès,salah-larbes,12,74,RM/CM,33,33,false
ALG,1982,Yahi,hocine-yahi,13,74,CM,33,33,false
ALG,1982,Zidane,djamel-zidane,14,76,LM/CM,34,34,false
ALG,1982,Dahleb,mustapha-dahleb,15,79,CM/LM,36,36,false
ALG,1982,Mansouri,faouzi-mansouri,16,74,LB,9,74,false
ALG,1982,Horr,abdelkader-horr,17,73,CB/RM,33,73,false
ALG,1982,Maroc,karim-maroc,18,73,CM,33,33,false
ALG,1982,Tlemçani,djamel-tlemcani,19,73,RM/CM,33,33,false
ALG,1982,Bourebbou,abdelmajid-bourebbou,20,73,ST,73,9,false
ALG,1982,Amara,mourad-amara,21,73,GK,0,73,false
ALG,1982,Bentalaa,yacine-bentalaa,22,72,GK,0,72,false
ALG,2014,Si Mohamed,cedric-si-mohamed,1,73,GK,0,73,false
ALG,2014,Bougherra,madjid-bougherra,2,78,CB,9,78,false
ALG,2014,Ghoulam,faouzi-ghoulam,3,79,LB,9,79,false
ALG,2014,Belkalem,essaid-belkalem,4,74,CB,9,74,false
ALG,2014,Halliche,rafik-halliche,5,76,CB,9,76,false
ALG,2014,Mesbah,djamel-mesbah,6,75,LB/LM,34,75,false
ALG,2014,Yebda,hassan-yebda,7,76,CM,34,34,false
ALG,2014,Lacen,mehdi-lacen,8,76,CM,34,34,false
ALG,2014,Ghilas,nabil-ghilas,9,74,ST,74,9,false
ALG,2014,Feghouli,sofiane-feghouli,10,81,RM/CM,36,36,false
ALG,2014,Brahimi,yacine-brahimi,11,81,CM/LW,81,36,false
ALG,2014,Medjani,carl-medjani,12,76,CB/CM,34,76,false
ALG,2014,Slimani,islam-slimani,13,81,ST,81,10,false
ALG,2014,Bentaleb,nabil-bentaleb,14,78,CM,35,35,false
ALG,2014,Soudani,hillal-soudani,15,78,ST/LW,78,9,false
ALG,2014,Zemmamouche,mohamed-zemmamouche,16,73,GK,0,73,false
ALG,2014,Cadamuro,liassine-cadamuro,17,73,RB/CB,9,73,false
ALG,2014,Djabou,abdelmoumene-djabou,18,76,LM/LW,76,34,false
ALG,2014,Taïder,saphir-taider,19,76,CM,34,34,false
ALG,2014,Mandi,aissa-mandi,20,77,CB/RB,9,77,false
ALG,2014,Mahrez,riyad-mahrez,21,82,RW/LW,82,10,false
ALG,2014,Mostefa,mehdi-mostefa,22,74,CM/RB,33,74,false
ALG,2014,M'Bolhi,rais-mbolhi,23,80,GK,0,80,false
ARG,1974,Carnevali,daniel-carnevali,1,76,GK,0,76,false
ARG,1974,Ayala,ruben-ayala,2,80,RW/ST/LW,80,10,false
ARG,1974,Babington,carlos-babington,3,84,CM/RM,38,38,false
ARG,1974,Balbuena,agustin-balbuena,4,78,RW/ST,78,9,false
ARG,1974,Bargas,angel-bargas,5,75,CB,9,75,false
ARG,1974,Brindisi,miguel-angel-brindisi,6,83,CM/LM/RM,37,37,false
ARG,1974,Carrascosa,jorge-carrascosa,7,78,LB/CB,9,78,false
ARG,1974,Chazarreta,enrique-chazarreta,8,74,CM/RM,33,33,false
ARG,1974,Glaria,ruben-glaria,9,73,CB/CM,33,73,false
ARG,1974,Heredia,ramon-heredia,10,78,CB/RB,9,78,false
ARG,1974,Houseman,rene-houseman,11,82,RW/ST/LW,82,10,false
ARG,1974,Fillol,ubaldo-fillol,12,83,GK,0,83,false
ARG,1974,Kempes,mario-kempes,13,83,ST/LW/CM,83,37,false
ARG,1974,Perfumo,roberto-perfumo,14,81,CB,10,81,false
ARG,1974,Poy,aldo-poy,15,74,ST/RW,74,9,false
ARG,1974,Sá,francisco-sa,16,77,CB/RB,9,77,false
ARG,1974,Squeo,carlos-squeo,17,72,CM/RM,32,32,false
ARG,1974,Telch,roberto-telch,18,74,CM/LM,33,33,false
ARG,1974,Togneri,nestor-togneri,19,71,CM/CB,32,71,false
ARG,1974,Wolff,enrique-wolff,20,78,RB/RM,35,78,false
ARG,1974,Santoro,miguel-angel-santoro,21,72,GK,0,72,false
ARG,1974,Yazalde,hector-yazalde,22,81,ST/LW,81,10,false
ARG,1978,Alonso,norberto-alonso,1,77,CM/LM,35,35,false
ARG,1978,Ardiles,osvaldo-ardiles,2,86,CM/RM,39,39,false
ARG,1978,Baley,hector-baley,3,70,GK,0,70,false
ARG,1978,Bertoni,daniel-bertoni,4,81,RW/ST/LW,81,10,false
ARG,1978,Fillol,ubaldo-fillol,5,88,GK,0,88,false
ARG,1978,Gallego,americo-gallego,6,81,CM/RM,36,36,false
ARG,1978,L. Galván,luis-galvan,7,80,CB,10,80,false
ARG,1978,R. Galván,ruben-galvan,8,74,CM/CB,33,74,false
ARG,1978,Houseman,rene-houseman,9,80,RW/ST/LW,80,10,false
ARG,1978,Kempes,mario-kempes,10,92,ST/LW/CM,92,41,true
ARG,1978,Killer,daniel-killer,11,71,CB/RB,9,71,false
ARG,1978,Larrosa,omar-larrosa,12,74,CM/LM,33,33,false
ARG,1978,La Volpe,ricardo-la-volpe,13,69,GK,0,69,false
ARG,1978,Luque,leopoldo-luque,14,84,ST/RW,84,10,false
ARG,1978,Olguín,jorge-olguin,15,79,RB/RM,36,79,false
ARG,1978,Ortiz,oscar-ortiz,16,77,LW/ST/LM,77,35,false
ARG,1978,Oviedo,miguel-oviedo,17,72,LB/CB,9,72,false
ARG,1978,Pagnanini,ruben-pagnanini,18,71,RB/CB,9,71,false
ARG,1978,Passarella,daniel-passarella,19,89,CB,11,89,false
ARG,1978,Tarantini,alberto-tarantini,20,81,LB/CB,10,81,false
ARG,1978,Valencia,jose-daniel-valencia,21,78,CM/LM/RM,35,35,false
ARG,1978,Villa,ricardo-villa,22,76,CM/RM,34,34,false
ARG,1982,Ardiles,osvaldo-ardiles,1,87,CM,39,39,false
ARG,1982,Baley,hector-baley,2,72,GK,0,72,false
ARG,1982,Barbas,juan-barbas,3,73,RW/CM,73,33,false
ARG,1982,Bertoni,daniel-bertoni,4,80,RW/ST,80,10,false
ARG,1982,Calderón,gabriel-calderon,5,76,CM/RW,76,34,false
ARG,1982,R. Díaz,ramon-diaz,6,82,ST,82,10,false
ARG,1982,Fillol,ubaldo-fillol,7,88,GK,0,88,true
ARG,1982,Galván,luis-galvan,8,78,CB,9,78,false
ARG,1982,Gallego,americo-gallego,9,77,CM,35,35,false
ARG,1982,Maradona,diego-maradona,10,95,CM/LW,95,43,true
ARG,1982,Kempes,mario-kempes,11,88,ST,88,11,true
ARG,1982,Hernández,patricio-hernandez,12,74,LM/CM,33,33,false
ARG,1982,Olarticoechea,julio-olarticoechea,13,74,LB/CB,9,74,false
ARG,1982,Olguín,jorge-olguin,14,77,RB,9,77,false
ARG,1982,Passarella,daniel-passarella,15,90,CB,11,90,true
ARG,1982,Pumpido,nery-pumpido,16,74,GK,0,74,false
ARG,1982,Santamaría,santiago-santamaria,17,73,ST/LW,73,9,false
ARG,1982,Tarantini,alberto-tarantini,18,78,LB,9,78,false
ARG,1982,Trossero,enzo-trossero,19,73,CB,9,73,false
ARG,1982,Valdano,jorge-valdano,20,83,ST,83,10,false
ARG,1982,Valencia,jose-daniel-valencia,21,74,CM/RM,33,33,false
ARG,1982,Van Tuyne,jose-van-tuyne,22,72,CB/RB,9,72,false
ARG,1986,Almirón,sergio-almiron,1,70,ST/RW,70,8,false
ARG,1986,Batista,sergio-batista,2,82,CM,37,37,false
ARG,1986,Bochini,ricardo-bochini,3,75,CM/LM,34,34,false
ARG,1986,Borghi,claudio-borghi,4,74,CM/RM,33,33,false
ARG,1986,Brown,jose-luis-brown,5,80,CB,10,80,false
ARG,1986,Passarella,daniel-passarella,6,82,CB,10,82,false
ARG,1986,Burruchaga,jorge-burruchaga,7,85,CM/RM/RW,85,38,false
ARG,1986,Clausen,nestor-clausen,8,75,RB/RM,34,75,false
ARG,1986,Cuciuffo,jose-luis-cuciuffo,9,76,CB/RB,9,76,false
ARG,1986,Maradona,diego-maradona,10,99,CM/LW/ST,99,45,true
ARG,1986,Valdano,jorge-valdano,11,85,ST/LW,85,10,false
ARG,1986,Enrique,hector-enrique,12,76,CM/RM,34,34,false
ARG,1986,Garré,oscar-garre,13,75,LB/LM,34,75,false
ARG,1986,Giusti,ricardo-giusti,14,80,CM/RM,36,36,false
ARG,1986,Islas,luis-islas,15,70,GK,0,70,false
ARG,1986,Olarticoechea,julio-olarticoechea,16,78,LB/LM,35,78,false
ARG,1986,Pasculli,pedro-pasculli,17,76,ST/RW,76,9,false
ARG,1986,Pumpido,nery-pumpido,18,81,GK,0,81,false
ARG,1986,Ruggeri,oscar-ruggeri,19,83,CB,10,83,false
ARG,1986,Tapia,carlos-tapia,20,72,CM/LM,32,32,false
ARG,1986,Trobbiani,marcelo-trobbiani,21,71,CM/RM,32,32,false
ARG,1986,Zelada,hector-zelada,22,68,GK,0,68,false
ARG,1990,Pumpido,nery-pumpido,1,79,GK,0,79,false
ARG,1990,Batista,sergio-batista,2,80,CM,36,36,false
ARG,1990,Balbo,abel-balbo,3,77,ST/RW,77,9,false
ARG,1990,Basualdo,jose-basualdo,4,77,RM/CM,35,35,false
ARG,1990,Bauza,edgardo-bauza,5,74,CB,9,74,false
ARG,1990,Calderón,gabriel-calderon,6,76,LM/CM,34,34,false
ARG,1990,Burruchaga,jorge-burruchaga,7,81,RM/CM,36,36,false
ARG,1990,Caniggia,claudio-caniggia,8,84,RW/ST/LW,84,10,false
ARG,1990,Dezotti,gustavo-dezotti,9,72,ST/LW,72,9,false
ARG,1990,Maradona,diego-maradona,10,92,CM/LW/ST,92,41,true
ARG,1990,Fabbri,nestor-fabbri,11,73,CB/RB,9,73,false
ARG,1990,Goycochea,sergio-goycochea,12,83,GK,0,83,false
ARG,1990,Lorenzo,nestor-lorenzo,13,73,CB/LB,9,73,false
ARG,1990,Giusti,ricardo-giusti,14,78,RM/CM,35,35,false
ARG,1990,Monzón,pedro-monzon,15,73,LB/CB,9,73,false
ARG,1990,Olarticoechea,julio-olarticoechea,16,76,LB/LM,34,76,false
ARG,1990,Sensini,roberto-sensini,17,78,CB/RB,9,78,false
ARG,1990,Serrizuela,jose-serrizuela,18,74,RB/CB,9,74,false
ARG,1990,Ruggeri,oscar-ruggeri,19,83,CB,10,83,false
ARG,1990,Simón,juan-simon,20,76,CB/LB,9,76,false
ARG,1990,Troglio,pedro-troglio,21,75,RM/CM,34,34,false
ARG,1990,Cancelarich,fabian-cancelarich,22,66,GK,0,66,false
ARG,1994,Goycochea,sergio-goycochea,1,83,GK,0,83,false
ARG,1994,Vázquez,sergio-vazquez,2,72,RB/CB,9,72,false
ARG,1994,Chamot,jose-chamot,3,81,LB/CB,10,81,false
ARG,1994,Sensini,roberto-sensini,4,82,CB/RB,10,82,false
ARG,1994,Redondo,fernando-redondo,5,88,CM,40,40,false
ARG,1994,Ruggeri,oscar-ruggeri,6,82,CB,10,82,false
ARG,1994,Caniggia,claudio-caniggia,7,87,ST/LW,87,10,false
ARG,1994,Basualdo,jose-basualdo,8,74,CM/LM,33,33,false
ARG,1994,Batistuta,gabriel-batistuta,9,92,ST,92,11,true
ARG,1994,Maradona,diego-maradona,10,92,CM/RW,92,41,true
ARG,1994,Medina Bello,ramon-medina-bello,11,72,LW/ST,72,9,false
ARG,1994,Islas,luis-islas,12,78,GK,0,78,false
ARG,1994,Cáceres,fernando-caceres,13,73,CB/RB,9,73,false
ARG,1994,Simeone,diego-simeone,14,86,CM/RM,39,39,false
ARG,1994,Borelli,jorge-borelli,15,72,CB/RB,9,72,false
ARG,1994,H. Díaz,hernan-diaz,16,73,CB/LB,9,73,false
ARG,1994,Ortega,ariel-ortega,17,83,CM/RW,83,37,false
ARG,1994,Hugo Pérez,hugo-perez,18,73,CM/LM,33,33,false
ARG,1994,Balbo,abel-balbo,19,79,ST/LW,79,9,false
ARG,1994,L. Rodríguez,leonardo-rodriguez,20,75,CM/RM,34,34,false
ARG,1994,Mancuso,alejandro-mancuso,21,70,CM/RW,70,32,false
ARG,1994,Scoponi,norberto-scoponi,22,70,GK,0,70,false
ARG,1998,Roa,carlos-roa,1,82,GK,0,82,false
ARG,1998,Ayala,roberto-ayala,2,86,CB,10,86,false
ARG,1998,Chamot,jose-chamot,3,82,CB/LB,10,82,false
ARG,1998,Pineda,mauricio-pineda,4,74,CB/RB,9,74,false
ARG,1998,Almeyda,matias-almeyda,5,82,CM,37,37,false
ARG,1998,Sensini,roberto-sensini,6,80,CB/RB,10,80,false
ARG,1998,C. López,claudio-lopez,7,83,ST/LW,83,10,false
ARG,1998,Simeone,diego-simeone,8,85,CM/RM,38,38,false
ARG,1998,Batistuta,gabriel-batistuta,9,92,ST,92,11,true
ARG,1998,Ortega,ariel-ortega,10,86,CM/RW,86,39,false
ARG,1998,Verón,juan-sebastian-veron,11,88,CM,40,40,true
ARG,1998,Burgos,german-burgos,12,76,GK,0,76,false
ARG,1998,Paz,pablo-paz,13,74,CB/RB,9,74,false
ARG,1998,Vivas,nelson-vivas,14,77,RB/RM,35,77,false
ARG,1998,Astrada,leonardo-astrada,15,76,CM/LM,34,34,false
ARG,1998,Berti,sergio-berti,16,75,RW/CM,75,34,false
ARG,1998,Cavallero,pablo-cavallero,17,75,GK,0,75,false
ARG,1998,Balbo,abel-balbo,18,79,ST,79,9,false
ARG,1998,Crespo,hernan-crespo,19,84,ST,84,10,false
ARG,1998,Gallardo,marcelo-gallardo,20,80,CM/LW,80,36,false
ARG,1998,Delgado,marcelo-delgado,21,76,ST/RW,76,9,false
ARG,1998,Zanetti,javier-zanetti,22,88,RB/RM,40,88,true
ARG,2002,Burgos,german-burgos,1,76,GK,0,76,false
ARG,2002,Ayala,roberto-ayala,2,86,CB,10,86,false
ARG,2002,Sorín,juan-pablo-sorin,3,83,LB,10,83,false
ARG,2002,Pochettino,mauricio-pochettino,4,78,CB,9,78,false
ARG,2002,Almeyda,matias-almeyda,5,78,CM/RM,35,35,false
ARG,2002,Samuel,walter-samuel,6,84,CB,10,84,false
ARG,2002,Piojo,claudio-lopez,7,81,ST/LW,81,10,false
ARG,2002,Zanetti,javier-zanetti,8,88,RB/RM,40,88,true
ARG,2002,Batistuta,gabriel-batistuta,9,93,ST,93,11,true
ARG,2002,Ortega,ariel-ortega,10,84,CM/RW,84,38,false
ARG,2002,Verón,juan-sebastian-veron,11,90,CM,41,41,true
ARG,2002,Cavallero,pablo-cavallero,12,80,GK,0,80,false
ARG,2002,Placente,diego-placente,13,74,CB/RB,9,74,false
ARG,2002,Simeone,diego-simeone,14,87,CM,39,39,false
ARG,2002,Husaín,claudio-husain,15,74,CM/LM,33,33,false
ARG,2002,Aimar,pablo-aimar,16,83,CM/LW,83,37,false
ARG,2002,G. López,gustavo-lopez,17,76,CM/RW,76,34,false
ARG,2002,Kily,kily-gonzalez,18,79,CM/LW,79,36,false
ARG,2002,Crespo,hernan-crespo,19,88,ST,88,11,false
ARG,2002,Gallardo,marcelo-gallardo,20,80,CM/LW,80,36,false
ARG,2002,Caniggia,claudio-caniggia,21,85,ST/RW,85,10,false
ARG,2002,Chamot,jose-chamot,22,77,CB/LB,9,77,false
ARG,2002,Bonano,roberto-bonano,23,73,GK,0,73,false
ARG,2006,Abbondanzieri,roberto-abbondanzieri,1,84,GK,0,84,false
ARG,2006,Ayala,roberto-ayala,2,86,CB,10,86,false
ARG,2006,Sorin,juan-pablo-sorin,3,82,LB,10,82,false
ARG,2006,Coloccini,fabricio-coloccini,4,78,CB,9,78,false
ARG,2006,Cambiasso,esteban-cambiasso,5,87,CM,39,39,false
ARG,2006,Heinze,gabriel-heinze,6,85,LB/CB,10,85,false
ARG,2006,Saviola,javier-saviola,7,82,ST/LW,82,10,false
ARG,2006,Mascherano,javier-mascherano,8,86,CM,39,39,false
ARG,2006,Crespo,hernan-crespo,9,86,ST,86,10,false
ARG,2006,Riquelme,juan-roman-riquelme,10,89,CM,40,40,true
ARG,2006,Tevez,carlos-tevez,11,88,ST/LW,88,11,false
ARG,2006,L. Franco,leo-franco,12,78,GK,0,78,false
ARG,2006,Scaloni,lionel-scaloni,13,72,RB/RM,32,72,false
ARG,2006,Palacio,rodrigo-palacio,14,76,ST/RW,76,9,false
ARG,2006,G. Milito,gabriel-milito,15,80,CB,10,80,false
ARG,2006,Aimar,pablo-aimar,16,83,CM/LW,83,37,false
ARG,2006,Cufré,leandro-cufre,17,71,RB/CB,9,71,false
ARG,2006,Maxi R.,maxi-rodriguez,18,84,RM/LW,84,38,false
ARG,2006,Messi,lionel-messi,19,88,LW/RW,88,11,true
ARG,2006,J. Cruz,julio-cruz,20,79,ST,79,9,false
ARG,2006,Burdisso,nicolas-burdisso,21,80,CB/RB,10,80,false
ARG,2006,L. González,lucho-gonzalez,22,80,CM/RM/LM,36,36,false
ARG,2010,Pozo,diego-pozo,1,68,GK,0,68,false
ARG,2010,Demichelis,martin-demichelis,2,82,CB,10,82,false
ARG,2010,C. Rodríguez,clemente-rodriguez,3,75,LB,9,75,false
ARG,2010,Burdisso,nicolas-burdisso,4,78,CB,9,78,false
ARG,2010,Heinze,gabriel-heinze,6,83,LB/CB,10,83,false
ARG,2010,Di María,angel-di-maria,7,86,LW/RW,86,10,false
ARG,2010,Verón,juan-sebastian-veron,8,84,CM,38,38,false
ARG,2010,Higuaín,gonzalo-higuain,9,87,ST,87,10,false
ARG,2010,Messi,lionel-messi,10,93,LW/ST,93,11,true
ARG,2010,Tevez,carlos-tevez,11,88,ST,88,11,false
ARG,2010,Garcé,ariel-garce,12,72,RB/CB,9,72,false
ARG,2010,Samuel,walter-samuel,13,81,CB,10,81,false
ARG,2010,Mascherano,javier-mascherano,14,88,CM/RM,40,40,true
ARG,2010,Otamendi,nicolas-otamendi,15,78,CB,9,78,false
ARG,2010,Agüero,sergio-aguero,16,87,ST/LW,87,10,false
ARG,2010,Gutiérrez,jonas-gutierrez,17,77,RB/RM,35,77,false
ARG,2010,Palermo,martin-palermo,18,78,ST,78,9,false
ARG,2010,Milito,diego-milito,19,83,ST,83,10,false
ARG,2010,Maxi Rodríguez,maxi-rodriguez,20,82,CM/RW,82,37,false
ARG,2010,Andújar,mariano-andujar,21,76,GK,0,76,false
ARG,2010,Romero,sergio-romero,22,82,GK,0,82,false
ARG,2010,Pastore,javier-pastore,23,74,CM/LW/LM,74,33,false
ARG,2014,Romero,sergio-romero,1,80,GK,0,80,false
ARG,2014,Garay,ezequiel-garay,2,82,CB,10,82,false
ARG,2014,Campagnaro,hugo-campagnaro,3,74,CB/RB,9,74,false
ARG,2014,Zabaleta,pablo-zabaleta,4,82,RB/RM,37,82,false
ARG,2014,Gago,fernando-gago,5,78,CM,35,35,false
ARG,2014,Biglia,lucas-biglia,6,79,CM,36,36,false
ARG,2014,Di María,angel-di-maria,7,88,RM/RW/LM,88,40,false
ARG,2014,Enzo Pérez,enzo-perez,8,76,CM/RM,34,34,false
ARG,2014,Higuaín,gonzalo-higuain,9,84,ST,84,10,false
ARG,2014,Messi,lionel-messi,10,96,RW/CM/ST,96,43,true
ARG,2014,Maxi Rodríguez,maxi-rodriguez,11,75,RM/LM/RW,75,34,false
ARG,2014,Orión,agustin-orion,12,70,GK,0,70,false
ARG,2014,A. Fernández,augusto-fernandez,13,74,CM/RM,33,33,false
ARG,2014,Mascherano,javier-mascherano,14,87,CM/CB,39,87,false
ARG,2014,Demichelis,martin-demichelis,15,78,CB,9,78,false
ARG,2014,Rojo,marcos-rojo,16,78,CB/LB,9,78,false
ARG,2014,F. Fernández,federico-fernandez,17,76,CB,9,76,false
ARG,2014,Palacio,rodrigo-palacio,18,77,ST/RW,77,9,false
ARG,2014,R. Álvarez,ricky-alvarez,19,72,CM/LM,32,32,false
ARG,2014,Agüero,sergio-aguero,20,87,ST/LW,87,10,false
ARG,2014,Andújar,mariano-andujar,21,71,GK,0,71,false
ARG,2014,Lavezzi,ezequiel-lavezzi,22,79,LW/RW/ST,79,9,false
ARG,2014,Basanta,jose-maria-basanta,23,73,LB/CB,9,73,false
ARG,2018,Guzmán,nahuel-guzman,1,79,GK,0,79,false
ARG,2018,Mercado,gabriel-mercado,2,78,RB/CB,9,78,false
ARG,2018,Tagliafico,nicolas-tagliafico,3,82,LB,10,82,false
ARG,2018,Ansaldi,cristian-ansaldi,4,76,LB/RB,9,76,false
ARG,2018,Biglia,lucas-biglia,5,80,CM,36,36,false
ARG,2018,Fazio,federico-fazio,6,76,CB,9,76,false
ARG,2018,Banega,ever-banega,7,81,CM/LM,36,36,false
ARG,2018,Higuaín,gonzalo-higuain,9,86,ST,86,10,false
ARG,2018,Messi,lionel-messi,10,97,LW/ST,97,12,true
ARG,2018,Di María,angel-di-maria,11,88,LW/RW,88,11,true
ARG,2018,Armani,franco-armani,12,82,GK,0,82,false
ARG,2018,Meza,maximiliano-meza,13,75,RW/CM,75,34,false
ARG,2018,Mascherano,javier-mascherano,14,85,CB/CM,38,85,false
ARG,2018,E. Pérez,enzo-perez,15,77,CM,35,35,false
ARG,2018,Rojo,marcos-rojo,16,78,CB/LB,9,78,false
ARG,2018,Otamendi,nicolas-otamendi,17,86,CB,10,86,false
ARG,2018,Salvio,eduardo-salvio,18,76,RW/ST/RM,76,34,false
ARG,2018,Agüero,sergio-aguero,19,89,ST,89,11,true
ARG,2018,Lo Celso,giovani-lo-celso,20,78,CM/LW,78,35,false
ARG,2018,Dybala,paulo-dybala,21,85,LW/ST,85,10,false
ARG,2018,Pavón,cristian-pavon,22,77,RW/LW,77,9,false
ARG,2018,Caballero,willy-caballero,23,78,GK,0,78,false
ARG,2022,Armani,franco-armani,1,75,GK,0,75,false
ARG,2022,Foyth,juan-foyth,2,77,RB/CB,9,77,false
ARG,2022,Tagliafico,nicolas-tagliafico,3,79,LB,9,79,false
ARG,2022,Montiel,gonzalo-montiel,4,76,RB/RM,34,76,false
ARG,2022,Paredes,leandro-paredes,5,79,CM,36,36,false
ARG,2022,Pezzella,german-pezzella,6,75,CB,9,75,false
ARG,2022,De Paul,rodrigo-de-paul,7,83,CM/RM,37,37,false
ARG,2022,Acuña,marcos-acuna,8,80,LB/LM,36,80,false
ARG,2022,J. Álvarez,julian-alvarez,9,84,ST/RW,84,10,false
ARG,2022,Messi,lionel-messi,10,95,RW/CM/ST,95,43,true
ARG,2022,Di María,angel-di-maria,11,84,RM/RW/LM,84,38,false
ARG,2022,Rulli,geronimo-rulli,12,72,GK,0,72,false
ARG,2022,C. Romero,cristian-romero,13,84,CB,10,84,false
ARG,2022,Palacios,exequiel-palacios,14,77,CM/RM,35,35,false
ARG,2022,Correa,angel-correa,15,76,RW/ST/LW,76,9,false
ARG,2022,Almada,thiago-almada,16,73,LM/CM/LW,73,33,false
ARG,2022,Papu Gómez,papu-gomez,17,76,LM/CM/LW,76,34,false
ARG,2022,Guido Rodríguez,guido-rodriguez,18,77,CM,35,35,false
ARG,2022,Otamendi,nicolas-otamendi,19,81,CB,10,81,false
ARG,2022,Mac Allister,alexis-mac-allister,20,81,CM/LM,36,36,false
ARG,2022,Dybala,paulo-dybala,21,79,RW/ST/CM,79,36,false
ARG,2022,Lautaro,lautaro-martinez,22,82,ST/LW,82,10,false
ARG,2022,E. Martínez,emiliano-martinez,23,88,GK,0,88,false
ARG,2022,Enzo Fernández,enzo-fernandez,24,82,CM/RM,37,37,false
ARG,2022,L. Martínez,lisandro-martinez,25,80,CB/LB,10,80,false
ARG,2022,Molina,nahuel-molina,26,78,RB/RM,35,78,false
ARG,2026,Musso,juan-musso,1,80,GK,0,80,false
ARG,2026,Balerdi,leonardo-balerdi,2,81,CB/RB,10,81,false
ARG,2026,Tagliafico,nicolas-tagliafico,3,83,LB/LM,37,83,false
ARG,2026,Montiel,gonzalo-montiel,4,81,RB/RM,36,81,false
ARG,2026,Paredes,leandro-paredes,5,83,CM/RM,37,37,false
ARG,2026,L. Martínez,lisandro-martinez,6,85,CB/LB,10,85,false
ARG,2026,De Paul,rodrigo-de-paul,7,85,CM/RM/LM,38,38,false
ARG,2026,Barco,valentin-barco,8,76,LB/LM,34,76,false
ARG,2026,J. Álvarez,julian-alvarez,9,90,ST/LW/CM,90,41,false
ARG,2026,Messi,lionel-messi,10,94,RW/CM/ST,94,42,true
ARG,2026,Lo Celso,giovani-lo-celso,11,81,CM/LM,36,36,false
ARG,2026,Rulli,geronimo-rulli,12,78,GK,0,78,false
ARG,2026,C. Romero,cristian-romero,13,87,CB,10,87,false
ARG,2026,Palacios,exequiel-palacios,14,82,CM/RM,37,37,false
ARG,2026,N. González,nicolas-gonzalez,15,81,LW/RW/ST,81,10,false
ARG,2026,Almada,thiago-almada,16,80,CM/LM/LW,80,36,false
ARG,2026,Simeone,giuliano-simeone,17,78,RW/LW/ST,78,9,false
ARG,2026,Paz,nico-paz,18,80,CM/LM,36,36,false
ARG,2026,Otamendi,nicolas-otamendi,19,82,CB,10,82,false
ARG,2026,Mac Allister,alexis-mac-allister,20,88,CM/RM/LM,40,40,false
ARG,2026,J. M. López,jose-manuel-lopez,21,75,ST/RW,75,9,false
ARG,2026,Lautaro,lautaro-martinez,22,88,ST/LW,88,11,false
ARG,2026,E. Martínez,emiliano-martinez,23,88,GK,0,88,false
ARG,2026,Enzo Fernández,enzo-fernandez,24,87,CM/RM,39,39,false
ARG,2026,Medina,facundo-medina,25,77,CB/LB,9,77,false
ARG,2026,Molina,nahuel-molina,26,81,RB/RM,36,81,false
AUS,2006,Schwarzer,mark-schwarzer,1,81,GK,0,81,false
AUS,2006,Neill,lucas-neill,2,79,CB/RB,9,79,false
AUS,2006,Moore,craig-moore,3,77,CB,9,77,false
AUS,2006,Cahill,tim-cahill,4,83,CM/RM,37,37,false
AUS,2006,Culina,jason-culina,5,76,CM/RM,34,34,false
AUS,2006,Popovic,tony-popovic,6,74,CB,9,74,false
AUS,2006,Emerton,brett-emerton,7,78,RB/RM,35,78,false
AUS,2006,Skoko,josip-skoko,8,73,CM/RM,33,33,false
AUS,2006,Viduka,mark-viduka,9,82,ST,82,10,false
AUS,2006,Kewell,harry-kewell,10,83,LW/LM,83,37,false
AUS,2006,Lazaridis,stan-lazaridis,11,73,LB/LM,33,73,false
AUS,2006,Covic,ante-covic,12,66,GK,0,66,false
AUS,2006,Grella,vince-grella,13,76,CM/RM,34,34,false
AUS,2006,Chipperfield,scott-chipperfield,14,74,LB/LM,33,74,false
AUS,2006,Aloisi,john-aloisi,15,74,ST/LW,74,9,false
AUS,2006,Beauchamp,michael-beauchamp,16,68,CB,8,68,false
AUS,2006,Thompson,archie-thompson,17,69,ST/RW,69,8,false
AUS,2006,Kalac,zeljko-kalac,18,72,GK,0,72,false
AUS,2006,Kennedy,joshua-kennedy,19,71,ST,71,9,false
AUS,2006,Wilkshire,luke-wilkshire,20,71,RB/RM,32,71,false
AUS,2006,Sterjovski,mile-sterjovski,21,72,RW/ST,72,9,false
AUS,2006,Milligan,mark-milligan,22,67,CB/RM,30,67,false
AUS,2006,Bresciano,mark-bresciano,23,80,CM/RM,36,36,false
AUT,1978,Koncilia,friedrich-koncilia,1,80,GK,0,80,false
AUT,1978,Sara,robert-sara,2,77,RB/CB,9,77,false
AUT,1978,Obermayer,erich-obermayer,3,77,CB,9,77,false
AUT,1978,Breitenberger,gerhard-breitenberger,4,74,CB/RB,9,74,false
AUT,1978,Pezzey,bruno-pezzey,5,81,CB/CM,36,81,false
AUT,1978,Hattenberger,roland-hattenberger,6,76,RM/CM,34,34,false
AUT,1978,Hickersberger,josef-hickersberger,7,77,CM/RM,35,35,false
AUT,1978,Prohaska,herbert-prohaska,8,82,CM,37,37,false
AUT,1978,Krankl,hans-krankl,9,83,ST/LW,83,10,true
AUT,1978,Kreuz,wilhelm-kreuz,10,76,LM/CM,34,34,false
AUT,1978,Jara,kurt-jara,11,78,CM/LM/RW,78,35,false
AUT,1978,Krieger,eduard-krieger,12,75,CM,34,34,false
AUT,1978,Happich,gunther-happich,13,72,CM/RM,32,32,false
AUT,1978,Strasser,heinrich-strasser,14,74,LB/CB,9,74,false
AUT,1978,Weber,heribert-weber,15,74,CB/LB,9,74,false
AUT,1978,Persidis,peter-persidis,16,73,RB/CB,9,73,false
AUT,1978,Oberacher,franz-oberacher,17,73,RW/ST,73,9,false
AUT,1978,Schachner,walter-schachner,18,76,ST/LW,76,9,false
AUT,1978,Pirkner,hans-pirkner,19,73,ST/LW,73,9,false
AUT,1978,Baumeister,ernst-baumeister,20,72,CM/LM,32,32,false
AUT,1978,Fuchsbichler,erwin-fuchsbichler,21,72,GK,0,72,false
AUT,1978,Baumgartner,hubert-baumgartner,22,72,GK,0,72,false
AUT,1982,Koncilia,friedrich-koncilia,1,79,GK,0,79,false
AUT,1982,Krauss,bernd-krauss,2,76,RB/CB,9,76,false
AUT,1982,Obermayer,erich-obermayer,3,77,CB,9,77,false
AUT,1982,Degeorgi,josef-degeorgi,4,73,CB/LB,9,73,false
AUT,1982,Pezzey,bruno-pezzey,5,81,CB/CM,36,81,false
AUT,1982,Hattenberger,roland-hattenberger,6,75,RM/CM,34,34,false
AUT,1982,Schachner,walter-schachner,7,78,ST/LW,78,9,false
AUT,1982,Prohaska,herbert-prohaska,8,82,CM,37,37,false
AUT,1982,Krankl,hans-krankl,9,82,ST/LW,82,10,true
AUT,1982,Hintermaier,reinhold-hintermaier,10,76,CM/RM,34,34,false
AUT,1982,Jara,kurt-jara,11,77,CM/LM/RW,77,35,false
AUT,1982,Pichler,anton-pichler,12,73,CB/RB,9,73,false
AUT,1982,Hagmayr,max-hagmayr,13,73,ST/RW,73,9,false
AUT,1982,Baumeister,ernst-baumeister,14,75,CM/LM,34,34,false
AUT,1982,Dihanich,johann-dihanich,15,73,CM/RM,33,33,false
AUT,1982,Messlender,gerald-messlender,16,72,CB/RB,9,72,false
AUT,1982,Pregesbauer,johann-pregesbauer,17,73,LB/CB,9,73,false
AUT,1982,Jurtin,gernot-jurtin,18,73,RW/LM,73,33,false
AUT,1982,Weber,heribert-weber,19,75,CB/LB,9,75,false
AUT,1982,Welzl,kurt-welzl,20,74,ST/LW,74,9,false
AUT,1982,Feurer,herbert-feurer,21,73,GK,0,73,false
AUT,1982,Lindenberger,klaus-lindenberger,22,72,GK,0,72,false
BEL,1970,Piot,christian-piot,1,74,GK,0,74,false
BEL,1970,Heylens,georges-heylens,2,74,RB,9,74,false
BEL,1970,Thissen,jean-thissen,3,72,CB,9,72,false
BEL,1970,Dewalque,nicolas-dewalque,4,73,CB,9,73,false
BEL,1970,Jeck,leon-jeck,5,72,LB,9,72,false
BEL,1970,Dockx,jean-dockx,6,74,RM/RW,74,33,false
BEL,1970,Semmeling,leon-semmeling,7,76,RM/CM,34,34,false
BEL,1970,Van Moer,wilfried-van-moer,8,78,CM,35,35,true
BEL,1970,Devrindt,johan-devrindt,9,77,RW/ST,77,9,false
BEL,1970,Van Himst,paul-van-himst,10,85,ST,85,10,true
BEL,1970,Puis,wilfried-puis,11,76,LW/ST,76,9,false
BEL,1970,Trappeniers,jean-marie-trappeniers,12,70,GK,0,70,false
BEL,1970,Beurlet,jacques-beurlet,13,70,CB,8,70,false
BEL,1970,Martens,maurice-martens,14,70,LM/CM,32,32,false
BEL,1970,Vandendaele,erwin-vandendaele,15,70,RM,32,32,false
BEL,1970,Polleunis,odilon-polleunis,16,74,CM/RW,74,33,false
BEL,1970,Verheyen,jan-verheyen,17,71,RM/CM,32,32,false
BEL,1970,Lambert,raoul-lambert,18,75,ST/LW,75,9,false
BEL,1970,Carteus,pierre-carteus,19,69,LW,69,8,false
BEL,1970,Peeters,alfons-peeters,20,71,CM/RM,32,32,false
BEL,1970,Janssens,frans-janssens,21,69,RW/ST,69,8,false
BEL,1970,Duquesne,jacques-duquesne,22,66,GK,0,66,false
BEL,1982,Pfaff,jean-marie-pfaff,1,90,GK,0,90,true
BEL,1982,Gerets,eric-gerets,2,86,RB,10,86,true
BEL,1982,L. Millecamps,luc-millecamps,3,78,CB,9,78,false
BEL,1982,Meeuws,walter-meeuws,4,77,CB,9,77,false
BEL,1982,Renquin,michel-renquin,5,76,LB,9,76,false
BEL,1982,Vercauteren,franky-vercauteren,6,80,LW/LM,80,36,false
BEL,1982,Daerden,jos-daerden,7,72,CM,32,32,false
BEL,1982,Van Moer,wilfried-van-moer,8,78,CM,35,35,false
BEL,1982,Vandenbergh,erwin-vandenbergh,9,83,ST,83,10,false
BEL,1982,Coeck,ludo-coeck,10,80,CM,36,36,false
BEL,1982,Ceulemans,jan-ceulemans,11,87,CM/ST,87,39,true
BEL,1982,Custers,theo-custers,12,69,GK,0,69,false
BEL,1982,Van Der Elst,francois-van-der-elst,13,79,RW/ST,79,9,false
BEL,1982,Baecke,marc-baecke,14,74,CB,9,74,false
BEL,1982,De Schrijver,maurits-de-schrijver,15,72,RB/CB,9,72,false
BEL,1982,Plessers,gerard-plessers,16,72,LB/CB,9,72,false
BEL,1982,Verheyen,rene-verheyen,17,74,RM/RW,74,33,false
BEL,1982,Mommens,raymond-mommens,18,72,ST/LW,72,9,false
BEL,1982,M. Millecamps,marc-millecamps,19,73,RM/CM,33,33,false
BEL,1982,Vandersmissen,guy-vandersmissen,20,73,CM/RM,33,33,false
BEL,1982,Czerniatynski,alexandre-czerniatynski,21,74,ST,74,9,false
BEL,1982,Munaron,jacky-munaron,22,70,GK,0,70,false
BEL,1986,Pfaff,jean-marie-pfaff,1,84,GK,0,84,true
BEL,1986,Gerets,eric-gerets,2,80,RB/RM/CB,36,80,false
BEL,1986,Van Der Elst,franky-van-der-elst,3,76,CM/RM,34,34,false
BEL,1986,De Wolf,michel-de-wolf,4,72,CB/RB,9,72,false
BEL,1986,Renquin,michel-renquin,5,73,CB/LB,9,73,false
BEL,1986,Vercauteren,franky-vercauteren,6,80,LM/CM/LW,80,36,false
BEL,1986,Vandereycken,rene-vandereycken,7,77,CM/RM,35,35,false
BEL,1986,Scifo,enzo-scifo,8,82,CM/RM,37,37,true
BEL,1986,Vandenbergh,erwin-vandenbergh,9,76,ST/LW,76,9,false
BEL,1986,Desmet,philippe-desmet,10,71,CM/RW,71,32,false
BEL,1986,Ceulemans,jan-ceulemans,11,84,ST/CM/RW,84,38,true
BEL,1986,Munaron,jacky-munaron,12,68,GK,0,68,false
BEL,1986,Grün,georges-grun,13,75,CB/RB,9,75,false
BEL,1986,Clijsters,leo-clijsters,14,74,CB,9,74,false
BEL,1986,L. Van Der Elst,leo-van-der-elst,15,70,CM/RM,32,32,false
BEL,1986,Claesen,nico-claesen,16,76,ST/LW,76,9,false
BEL,1986,Mommens,raymond-mommens,17,71,LM/CM,32,32,false
BEL,1986,Veyt,daniel-veyt,18,69,RW/ST,69,8,false
BEL,1986,Broos,hugo-broos,19,72,CB/RB,9,72,false
BEL,1986,Bodart,gilbert-bodart,20,66,GK,0,66,false
BEL,1986,Demol,stephane-demol,21,73,CB,9,73,false
BEL,1986,Vervoort,patrick-vervoort,22,70,LM/CM,32,32,false
BEL,2018,Courtois,thibaut-courtois,1,89,GK,0,89,false
BEL,2018,Alderweireld,toby-alderweireld,2,84,CB/RB,10,84,false
BEL,2018,Vermaelen,thomas-vermaelen,3,76,CB/LB,9,76,false
BEL,2018,Kompany,vincent-kompany,4,84,CB,10,84,false
BEL,2018,Vertonghen,jan-vertonghen,5,83,CB/LB,10,83,false
BEL,2018,Witsel,axel-witsel,6,82,CM/RM,37,37,false
BEL,2018,De Bruyne,kevin-de-bruyne,7,91,CM/RM,41,41,true
BEL,2018,Fellaini,marouane-fellaini,8,77,CM/RM,35,35,false
BEL,2018,Lukaku,romelu-lukaku,9,85,ST,85,10,false
BEL,2018,Hazard,eden-hazard,10,90,LW/LM/CM,90,41,true
BEL,2018,Carrasco,yannick-carrasco,11,78,LM/LW/LB,78,78,false
BEL,2018,Mignolet,simon-mignolet,12,74,GK,0,74,false
BEL,2018,Casteels,koen-casteels,13,72,GK,0,72,false
BEL,2018,Mertens,dries-mertens,14,83,RW/ST/LM,83,37,false
BEL,2018,Meunier,thomas-meunier,15,79,RB/RM,36,79,false
BEL,2018,T. Hazard,thorgan-hazard,16,76,LM/LW/CM,76,34,false
BEL,2018,Tielemans,youri-tielemans,17,75,CM/RM,34,34,false
BEL,2018,Januzaj,adnan-januzaj,18,73,RW/LW/ST,73,9,false
BEL,2018,Dembélé,mousa-dembele,19,78,CM/RM,35,35,false
BEL,2018,Boyata,dedryck-boyata,20,72,CB/RB,9,72,false
BEL,2018,Batshuayi,michy-batshuayi,21,75,ST/LW,75,9,false
BEL,2018,Chadli,nacer-chadli,22,74,LM/CM/LW,74,33,false
BEL,2018,Dendoncker,leander-dendoncker,23,71,CB/CM,32,71,false
BEL,2026,Courtois,thibaut-courtois,1,89,GK,0,89,false
BEL,2026,Debast,zeno-debast,2,76,CB/RM,34,76,false
BEL,2026,Theate,arthur-theate,3,77,CB/LB,9,77,false
BEL,2026,Mechele,brandon-mechele,4,73,CB,9,73,false
BEL,2026,De Cuyper,maxim-de-cuyper,5,76,LB/LM,34,76,false
BEL,2026,Witsel,axel-witsel,6,76,CM/CB/RM,34,76,false
BEL,2026,De Bruyne,kevin-de-bruyne,7,89,CM/RM,40,40,true
BEL,2026,Tielemans,youri-tielemans,8,81,CM/RM,36,36,false
BEL,2026,Lukaku,romelu-lukaku,9,83,ST,83,10,false
BEL,2026,Trossard,leandro-trossard,10,80,LW/LM/ST,80,36,false
BEL,2026,Doku,jeremy-doku,11,82,RW/LW/ST,82,10,false
BEL,2026,Lammens,senne-lammens,12,72,GK,0,72,false
BEL,2026,Penders,mike-penders,13,68,GK,0,68,false
BEL,2026,Lukébakio,dodi-lukebakio,14,76,RW/LW/ST,76,9,false
BEL,2026,Meunier,thomas-meunier,15,74,RB/RM,33,74,false
BEL,2026,De Winter,koni-de-winter,16,74,CB/RB,9,74,false
BEL,2026,De Ketelaere,charles-de-ketelaere,17,78,CM/ST/LM,78,35,false
BEL,2026,Seys,joaquin-seys,18,69,RB/LM,31,69,false
BEL,2026,Vanaken,hans-vanaken,20,74,CM/RM,33,33,false
BEL,2026,Castagne,timothy-castagne,21,76,RB/RM/LB,34,76,false
BEL,2026,Saelemaekers,alexis-saelemaekers,22,76,RW/RM/ST,76,34,false
BEL,2026,Raskin,nicolas-raskin,23,73,CM/RM,33,33,false
BEL,2026,Onana,amadou-onana,24,78,CM/RM,35,35,false
BEL,2026,Ngoy,nathan-ngoy,25,68,CB,8,68,false
BEL,2026,Fernandez-Pardo,matias-fernandez-pardo,26,68,LW/ST/RW,68,8,false
BRA,1970,Félix,felix,1,76,GK,0,76,false
BRA,1970,Brito,brito,2,80,CB,10,80,false
BRA,1970,Piazza,piazza,3,82,CB/CM,37,82,false
BRA,1970,Carlos Alberto,carlos-alberto-torres,4,88,RB/RM,40,88,true
BRA,1970,Clodoaldo,clodoaldo,5,83,CM,37,37,false
BRA,1970,Marco Antônio,marco-antonio,6,76,LB/LM,34,76,false
BRA,1970,Jairzinho,jairzinho,7,90,RW/ST,90,11,true
BRA,1970,Gérson,gerson,8,87,CM/LM,39,39,false
BRA,1970,Tostão,tostao,9,86,ST/LW,86,10,false
BRA,1970,Pelé,pele,10,99,CM/ST/RW,99,45,true
BRA,1970,Rivellino,rivellino,11,88,LM/CM/LW,88,40,true
BRA,1970,Ado,ado,12,68,GK,0,68,false
BRA,1970,Roberto Miranda,roberto-miranda,13,72,ST/RW,72,9,false
BRA,1970,Baldocchi,baldocchi,14,68,CB,8,68,false
BRA,1970,Fontana,fontana,15,69,CB,8,69,false
BRA,1970,Everaldo,everaldo,16,77,LB/LM,35,77,false
BRA,1970,Joel Camargo,joel-camargo,17,70,CB,8,70,false
BRA,1970,Caju,paulo-cezar-caju,18,76,LM/LW/CM,76,34,false
BRA,1970,Edu,edu,19,75,LW/ST,75,9,false
BRA,1970,Dario,dario,20,72,ST,72,9,false
BRA,1970,Zé Maria,ze-maria,21,72,RB/RM,32,72,false
BRA,1970,Leão,leao,22,78,GK,0,78,false
BRA,1974,Leão,leao,1,80,GK,0,80,false
BRA,1974,Luís Pereira,luis-pereira,2,82,CB,10,82,false
BRA,1974,Marinho Peres,marinho-peres,3,79,CB,9,79,false
BRA,1974,Zé Maria,ze-maria,4,80,RB/RM,36,80,false
BRA,1974,Piazza,piazza,5,82,CM/CB,37,82,false
BRA,1974,Marinho Chagas,marinho-chagas,6,81,LB/LM,36,81,false
BRA,1974,Jairzinho,jairzinho,7,88,RW/ST,88,11,true
BRA,1974,Leivinha,leivinha,8,78,CM/ST,78,35,false
BRA,1974,César Maluco,cesar-maluco,9,76,ST,76,9,false
BRA,1974,Rivelino,rivelino,10,89,CM/LM,40,40,true
BRA,1974,Paulo César Caju,paulo-cesar-caju,11,82,LM/LW,82,37,false
BRA,1974,Renato,renato-valle,12,68,GK,0,68,false
BRA,1974,Valdomiro,valdomiro,13,75,RW/ST,75,9,false
BRA,1974,Nelinho,nelinho,14,78,RB/RM,35,78,false
BRA,1974,Mostarda,mostarda,15,72,CB,9,72,false
BRA,1974,Marco Antônio,marco-antonio,16,75,LB,9,75,false
BRA,1974,Carpegiani,paulo-cesar-carpegiani,17,76,CM,34,34,false
BRA,1974,Ademir da Guia,ademir-da-guia,18,80,CM,36,36,false
BRA,1974,Mirandinha,mirandinha,19,73,ST/LW,73,9,false
BRA,1974,Edu,edu,20,80,LW/ST,80,10,false
BRA,1974,Dirceu,dirceu,21,80,CM/LM,36,36,false
BRA,1974,Waldir Peres,waldir-peres,22,74,GK,0,74,false
BRA,1978,Leão,leao,1,81,GK,0,81,false
BRA,1978,Toninho,toninho-baiano,2,76,RB/RM,34,76,false
BRA,1978,Oscar,oscar,3,82,CB,10,82,false
BRA,1978,Amaral,amaral,4,78,CB/CM,35,78,false
BRA,1978,Cerezo,toninho-cerezo,5,83,CM/RM,37,37,false
BRA,1978,Edinho,edinho,6,79,CB/LB,9,79,false
BRA,1978,Zé Sérgio,ze-sergio,7,76,LW/ST,76,9,false
BRA,1978,Zico,zico,8,89,CM/LM,40,40,true
BRA,1978,Reinaldo,reinaldo,9,83,ST,83,10,false
BRA,1978,Rivelino,rivelino,10,86,CM/LM,39,39,true
BRA,1978,Dirceu,dirceu,11,82,CM/LM,37,37,false
BRA,1978,Gallo,carlos-gallo,12,70,GK,0,70,false
BRA,1978,Nelinho,nelinho,13,80,RB/RM,36,80,false
BRA,1978,Abel,abel-braga,14,74,CB,9,74,false
BRA,1978,Polozzi,polozzi,15,71,CB,9,71,false
BRA,1978,Rodrigues Neto,rodrigues-neto,16,76,LB,9,76,false
BRA,1978,Batista,batista,17,77,CM/CB,35,77,false
BRA,1978,Gil,gil,18,75,RW/ST,75,9,false
BRA,1978,Mendonça,mendonca,19,74,CM/ST,74,33,false
BRA,1978,Roberto Dinamite,roberto-dinamite,20,84,ST/LW,84,10,false
BRA,1978,Chicão,jesuino-avanzi,21,70,CM,32,32,false
BRA,1978,Waldir Peres,waldir-peres,22,74,GK,0,74,false
BRA,1982,Waldir Peres,waldir-peres,1,74,GK,0,74,false
BRA,1982,Leandro,leandro,2,82,RB/RM,37,82,false
BRA,1982,Oscar,oscar,3,80,CB,10,80,false
BRA,1982,Luizinho,luizinho,4,76,CB,9,76,false
BRA,1982,Toninho Cerezo,toninho-cerezo,5,83,CM,37,37,false
BRA,1982,Júnior,junior,6,84,LB/LM/CM,38,84,false
BRA,1982,Paulo Isidoro,paulo-isidoro,7,74,RM/RW/CM,74,33,false
BRA,1982,Sócrates,socrates,8,90,CM,41,41,true
BRA,1982,Serginho,serginho,9,74,ST,74,9,false
BRA,1982,Zico,zico,10,92,CM/LM/ST,92,41,true
BRA,1982,Éder,eder,11,83,LW/ST,83,10,false
BRA,1982,Paulo Sérgio,paulo-sergio,12,68,GK,0,68,false
BRA,1982,Edevaldo,edevaldo,13,70,RB/RM,32,70,false
BRA,1982,Juninho,juninho-fonseca,14,70,CB,8,70,false
BRA,1982,Falcão,falcao,15,89,CM/RM,40,40,true
BRA,1982,Edinho,edinho,16,75,CB/LB,9,75,false
BRA,1982,Pedrinho,pedrinho,17,69,LB/LM,31,69,false
BRA,1982,Batista,batista,18,73,CM,33,33,false
BRA,1982,Renato,renato,19,70,CM/LM,32,32,false
BRA,1982,Roberto Dinamite,roberto-dinamite,20,78,ST/RW,78,9,false
BRA,1982,Dirceu,dirceu,21,74,LM/CM/LW,74,33,false
BRA,1982,Carlos,carlos-gallo,22,68,GK,0,68,false
BRA,1986,Carlos,carlos-gallo,1,74,GK,0,74,false
BRA,1986,Édson,edson-boaro,2,75,RB/RM,34,75,false
BRA,1986,Oscar,oscar,3,80,CB,10,80,false
BRA,1986,Edinho,edinho,4,79,CB/LB,9,79,false
BRA,1986,Falcão,falcao,5,86,CM/RM,39,39,true
BRA,1986,Júnior,junior,6,85,LB/LM,38,85,true
BRA,1986,Müller,muller,7,80,RW/ST,80,10,false
BRA,1986,Casagrande,casagrande,8,81,ST,81,10,false
BRA,1986,Careca,careca,9,87,ST/LW,87,10,true
BRA,1986,Zico,zico,10,88,CM/LM,40,40,true
BRA,1986,Edivaldo,edivaldo,11,74,LW/ST,74,9,false
BRA,1986,Paulo Vítor,paulo-vitor,12,69,GK,0,69,false
BRA,1986,Josimar,josimar,13,80,RB/RM,36,80,false
BRA,1986,Júlio César,julio-cesar,14,78,CB,9,78,false
BRA,1986,Alemão,alemao,15,81,CM/RM,36,36,false
BRA,1986,Mauro Galvão,mauro-galvao,16,75,CB,9,75,false
BRA,1986,Branco,branco,17,81,LB/LM,36,81,false
BRA,1986,Sócrates,socrates,18,88,CM,40,40,true
BRA,1986,Elzo,elzo,19,74,CM/RM,33,33,false
BRA,1986,Silas,silas,20,76,CM/LM,34,34,false
BRA,1986,Valdo,valdo,21,77,CM/LM,35,35,false
BRA,1986,Leão,leao,22,74,GK,0,74,false
BRA,1990,Taffarel,claudio-taffarel,1,88,GK,0,88,true
BRA,1990,Jorginho,jorginho,2,82,RB,10,82,false
BRA,1990,Ricardo Gomes,ricardo-gomes,3,80,CB,10,80,false
BRA,1990,Dunga,dunga,4,83,CM,37,37,false
BRA,1990,Alemão,alemao,5,85,CM,38,38,false
BRA,1990,Branco,branco,6,85,LB,10,85,false
BRA,1990,Bismarck,bismarck,7,77,RM/RW,77,35,false
BRA,1990,Valdo,valdo,8,84,LM/CM,38,38,false
BRA,1990,Careca,careca,9,90,ST,90,11,true
BRA,1990,Paulo Silas,paulo-silas,10,78,LM/CM,35,35,false
BRA,1990,Romário,romario,11,87,ST,87,10,true
BRA,1990,Acácio,acacio,12,71,GK,0,71,false
BRA,1990,Mozer,carlos-mozer,13,81,CB,10,81,false
BRA,1990,Aldair,aldair,14,83,CB,10,83,false
BRA,1990,Müller,muller,15,84,ST/LW,84,10,false
BRA,1990,Bebeto,bebeto,16,86,ST/LW,86,10,false
BRA,1990,Renato Gaúcho,renato-gaucho,17,78,LW/ST,78,9,false
BRA,1990,Mazinho,mazinho,18,79,RB/CM,36,79,false
BRA,1990,Ricardo Rocha,ricardo-rocha,19,78,CB,9,78,false
BRA,1990,Tita,tita,20,76,LW/CM,76,34,false
BRA,1990,Mauro Galvão,mauro-galvao,21,79,CB,9,79,false
BRA,1990,Zé Carlos,ze-carlos,22,68,GK,0,68,false
BRA,1994,Taffarel,claudio-taffarel,1,83,GK,0,83,false
BRA,1994,Jorginho,jorginho,2,80,RB/RM,36,80,false
BRA,1994,Ricardo Rocha,ricardo-rocha,3,75,CB,9,75,false
BRA,1994,Ronaldão,ronaldao,4,71,CB,9,71,false
BRA,1994,Mauro Silva,mauro-silva,5,82,CM,37,37,false
BRA,1994,Branco,branco,6,79,LB/LM,36,79,false
BRA,1994,Bebeto,bebeto,7,86,ST/RW/LW,86,10,false
BRA,1994,Dunga,dunga,8,85,CM,38,38,false
BRA,1994,Zinho,zinho,9,78,LM/CM,35,35,false
BRA,1994,Raí,rai,10,80,CM/LM,36,36,false
BRA,1994,Romário,romario,11,93,ST/LW,93,11,true
BRA,1994,Zetti,zetti,12,72,GK,0,72,false
BRA,1994,Aldair,aldair,13,84,CB,10,84,false
BRA,1994,Cafu,cafu,14,82,RB/RM,37,82,true
BRA,1994,Márcio Santos,marcio-santos,15,76,CB,9,76,false
BRA,1994,Leonardo,leonardo,16,80,LB/LM/CM,36,80,false
BRA,1994,Mazinho,mazinho,17,76,CM/RM,34,34,false
BRA,1994,Paulo Sérgio,paulo-sergio,18,76,RW/LW/ST,76,9,false
BRA,1994,Müller,muller,19,76,ST/RW,76,9,false
BRA,1994,Ronaldo,ronaldo,20,80,ST/RW,80,10,true
BRA,1994,Viola,viola,21,74,LW/ST,74,9,false
BRA,1994,Gilmar Rinaldi,gilmar-rinaldi,22,68,GK,0,68,false
BRA,1998,Taffarel,claudio-taffarel,1,83,GK,0,83,false
BRA,1998,Cafu,cafu,2,86,RB/RM,39,86,true
BRA,1998,Aldair,aldair,3,84,CB,10,84,false
BRA,1998,Júnior Baiano,junior-baiano,4,77,CB,9,77,false
BRA,1998,César Sampaio,cesar-sampaio,5,78,CM,35,35,false
BRA,1998,Roberto Carlos,roberto-carlos,6,89,LB/LM,40,89,true
BRA,1998,Giovanni,giovanni,7,76,CM/LM,34,34,false
BRA,1998,Dunga,dunga,8,83,CM,37,37,false
BRA,1998,Ronaldo,ronaldo,9,95,ST/RW,95,11,true
BRA,1998,Rivaldo,rivaldo,10,90,CM/LM/ST,90,41,true
BRA,1998,Emerson,emerson,11,79,CM/RM,36,36,false
BRA,1998,Carlos Germano,carlos-germano,12,70,GK,0,70,false
BRA,1998,Zé Carlos,ze-carlos,13,72,RB/RM,32,72,false
BRA,1998,Marcelo Gonçalves,marcelo-goncalves,14,71,CB,9,71,false
BRA,1998,André Cruz,andre-cruz,15,73,CB/LB,9,73,false
BRA,1998,Zé Roberto,ze-roberto,16,79,LM/CM,36,36,false
BRA,1998,Doriva,doriva,17,70,CM,32,32,false
BRA,1998,Leonardo,leonardo,18,81,LM/CM/RM,36,36,false
BRA,1998,Denílson,denilson,19,77,LW/LM/RW,77,35,false
BRA,1998,Bebeto,bebeto,20,80,ST/RW/LW,80,10,false
BRA,1998,Edmundo,edmundo,21,79,ST/RW,79,9,false
BRA,1998,Dida,dida,22,76,GK,0,76,false
BRA,2002,Marcos,marcos,1,82,GK,0,82,false
BRA,2002,Cafu,cafu,2,86,RB/RM,39,86,true
BRA,2002,Lúcio,lucio,3,85,CB,10,85,false
BRA,2002,Roque Júnior,roque-junior,4,80,CB,10,80,false
BRA,2002,Edmílson,edmilson,5,81,CB/CM,36,81,false
BRA,2002,Roberto Carlos,roberto-carlos,6,89,LB/LM,40,89,true
BRA,2002,Ricardinho,ricardinho,7,75,CM/RM,34,34,false
BRA,2002,Gilberto Silva,gilberto-silva,8,82,CM,37,37,false
BRA,2002,Ronaldo,ronaldo,9,93,ST/RW,93,11,true
BRA,2002,Rivaldo,rivaldo,10,89,CM/LM/ST,89,40,true
BRA,2002,Ronaldinho,ronaldinho,11,86,CM/LM/LW,86,39,true
BRA,2002,Dida,dida,12,80,GK,0,80,false
BRA,2002,Belletti,juliano-belletti,13,76,RB/RM,34,76,false
BRA,2002,Ânderson Polga,anderson-polga,14,71,CB,9,71,false
BRA,2002,Kléberson,kleberson,15,76,CM/RM,34,34,false
BRA,2002,Júnior,junior,16,76,LB/LM,34,76,false
BRA,2002,Denílson,denilson,17,78,LW/LM/RW,78,35,false
BRA,2002,Vampeta,vampeta,18,74,CM,33,33,false
BRA,2002,Juninho Paulista,juninho-paulista,19,76,CM/LM,34,34,false
BRA,2002,Edílson,edilson,20,76,RW/ST/LW,76,9,false
BRA,2002,Luizão,luizao,21,75,ST,75,9,false
BRA,2002,Rogério Ceni,rogerio-ceni,22,75,GK,19,75,false
BRA,2002,Kaká,kaka,23,78,CM/LM,35,35,true
BRA,2006,Dida,dida,1,88,GK,0,88,false
BRA,2006,Cafu,cafu,2,87,RB,10,87,false
BRA,2006,Lúcio,lucio,3,88,CB,11,88,false
BRA,2006,Juan,juan,4,83,CB,10,83,false
BRA,2006,Emerson,emerson,5,81,RM/CM,36,36,false
BRA,2006,R. Carlos,roberto-carlos,6,88,LB,11,88,false
BRA,2006,Adriano,adriano,7,88,ST,88,11,false
BRA,2006,Kaká,kaka,8,92,CM/RW,92,41,true
BRA,2006,Ronaldo,ronaldo,9,93,ST,93,11,true
BRA,2006,Ronaldinho,ronaldinho,10,95,CM/LW,95,43,true
BRA,2006,Zé Roberto,ze-roberto,11,82,LM/CM,37,37,false
BRA,2006,Ceni,rogerio-ceni,12,79,GK,20,79,false
BRA,2006,Cicinho,cicinho,13,80,RB,10,80,false
BRA,2006,Luisão,luisao,14,81,CB,10,81,false
BRA,2006,Cris,cris,15,79,CB,9,79,false
BRA,2006,Gilberto,gilberto,16,76,RB/CB,9,76,false
BRA,2006,G. Silva,gilberto-silva,17,83,CM,37,37,false
BRA,2006,Mineiro,mineiro,18,76,CM,34,34,false
BRA,2006,Juninho,juninho-pernambucano,19,83,CM,37,37,false
BRA,2006,Ricardinho,ricardinho,20,76,CM,34,34,false
BRA,2006,Fred,fred,21,78,ST,78,9,false
BRA,2006,Júlio César,julio-cesar,22,82,GK,0,82,false
BRA,2006,Robinho,robinho,23,84,LW/CM,84,38,false
BRA,2010,Júlio César,julio-cesar,1,88,GK,0,88,true
BRA,2010,Maicon,maicon,2,88,RB,11,88,false
BRA,2010,Lúcio,lucio,3,86,CB,10,86,false
BRA,2010,Juan,juan,4,82,CB,10,82,false
BRA,2010,Felipe Melo,felipe-melo,5,81,CM,36,36,false
BRA,2010,Michel Bastos,michel-bastos,6,81,LB/LM,36,81,false
BRA,2010,Elano,elano,7,80,CM/RW,80,36,false
BRA,2010,Gilberto Silva,gilberto-silva,8,80,CM,36,36,false
BRA,2010,Luís Fabiano,luis-fabiano,9,85,ST,85,10,false
BRA,2010,Kaká,kaka,10,91,CM,41,41,true
BRA,2010,Robinho,robinho,11,86,ST/LW,86,10,false
BRA,2010,Gomes,gomes,12,75,GK,0,75,false
BRA,2010,Dani Alves,dani-alves,13,86,RB/RM,39,86,false
BRA,2010,Luisão,luisao,14,80,CB,10,80,false
BRA,2010,Thiago Silva,thiago-silva,15,87,CB,10,87,false
BRA,2010,Gilberto,gilberto,16,78,LB,9,78,false
BRA,2010,Josué,josue,17,78,CM,35,35,false
BRA,2010,Ramires,ramires,18,81,CM/LM,36,36,false
BRA,2010,Júlio Baptista,julio-baptista,19,79,ST/CM,79,36,false
BRA,2010,Kléberson,kleberson,20,75,CM,34,34,false
BRA,2010,Nilmar,nilmar,21,79,ST,79,9,false
BRA,2010,Doni,doni,22,70,GK,0,70,false
BRA,2014,Jefferson,jefferson,1,75,GK,0,75,false
BRA,2014,D. Alves,daniel-alves,2,88,RB,11,88,true
BRA,2014,T. Silva,thiago-silva,3,91,CB,11,91,true
BRA,2014,David Luiz,david-luiz,4,86,CB,10,86,false
BRA,2014,Fernandinho,fernandinho,5,81,CM,36,36,false
BRA,2014,Marcelo,marcelo,6,88,LB,11,88,false
BRA,2014,Hulk,hulk,7,83,ST/RW,83,10,false
BRA,2014,Paulinho,paulinho,8,79,CM,36,36,false
BRA,2014,Fred,fred,9,77,ST,77,9,false
BRA,2014,Neymar,neymar,10,93,LW/ST,93,11,true
BRA,2014,Oscar,oscar,11,85,CM/RW,85,38,false
BRA,2014,J. César,julio-cesar,12,82,GK,0,82,false
BRA,2014,Dante,dante,13,79,CB,9,79,false
BRA,2014,Maxwell,maxwell,14,74,LB,9,74,false
BRA,2014,Henrique,henrique,15,72,CB,9,72,false
BRA,2014,Ramires,ramires,16,78,RM/CM,35,35,false
BRA,2014,L. Gustavo,luiz-gustavo,17,82,CM,37,37,false
BRA,2014,Hernanes,hernanes,18,80,LM/CM,36,36,false
BRA,2014,Willian,willian,19,80,RW/LW,80,10,false
BRA,2014,Bernard,bernard,20,78,LW/RW,78,9,false
BRA,2014,Jô,jo,21,74,ST,74,9,false
BRA,2014,Victor,victor,22,74,GK,0,74,false
BRA,2014,Maicon,maicon,23,76,RB,9,76,false
BRA,2018,Alisson,alisson,1,91,GK,0,91,true
BRA,2018,T. Silva,thiago-silva,2,88,CB,11,88,true
BRA,2018,Miranda,miranda,3,82,CB,10,82,false
BRA,2018,Geromel,pedro-geromel,4,72,CB,9,72,false
BRA,2018,Casemiro,casemiro,5,87,CM,39,39,false
BRA,2018,Filipe Luís,filipe-luis,6,80,LB,10,80,false
BRA,2018,D. Costa,douglas-costa,7,81,RW,81,10,false
BRA,2018,R. Augusto,renato-augusto,8,79,LM/CM,36,36,false
BRA,2018,G. Jesus,gabriel-jesus,9,84,ST,84,10,false
BRA,2018,Neymar,neymar,10,92,LW/ST,92,11,true
BRA,2018,Coutinho,philippe-coutinho,11,88,CM/LW,88,40,false
BRA,2018,Marcelo,marcelo,12,86,LB,10,86,false
BRA,2018,Marquinhos,marquinhos,13,85,CB/CM,38,85,false
BRA,2018,Danilo,danilo,14,78,RB/RM,35,78,false
BRA,2018,Paulinho,paulinho,15,81,CM,36,36,false
BRA,2018,Cássio,cassio,16,79,GK,0,79,false
BRA,2018,Fernandinho,fernandinho,17,80,CM,36,36,false
BRA,2018,Willian,willian,19,80,RW/LW,80,10,false
BRA,2018,Firmino,roberto-firmino,20,83,ST,83,10,false
BRA,2018,Taison,taison,21,74,LW/RW,74,9,false
BRA,2018,Fagner,fagner,22,76,RB,9,76,false
BRA,2018,Ederson,ederson,23,85,GK,0,85,false
BRA,2022,Alisson,alisson,1,89,GK,0,89,false
BRA,2022,Danilo,danilo,2,80,RB/LB/RM,36,80,false
BRA,2022,Thiago Silva,thiago-silva,3,85,CB,10,85,false
BRA,2022,Marquinhos,marquinhos,4,86,CB,10,86,false
BRA,2022,Casemiro,casemiro,5,87,CM,39,39,false
BRA,2022,Alex Sandro,alex-sandro,6,78,LB/LM,35,78,false
BRA,2022,Lucas Paquetá,lucas-paqueta,7,81,CM/LM,36,36,false
BRA,2022,Fred,fred,8,77,CM/RM,35,35,false
BRA,2022,Richarlison,richarlison,9,82,ST/LW,82,10,false
BRA,2022,Neymar,neymar,10,90,CM/LW/ST,90,41,true
BRA,2022,Raphinha,raphinha,11,82,RW/LW,82,10,false
BRA,2022,Weverton,weverton,12,70,GK,0,70,false
BRA,2022,Dani Alves,dani-alves,13,74,RB/RM,33,74,false
BRA,2022,Éder Militão,eder-militao,14,83,CB/RB,10,83,false
BRA,2022,Fabinho,fabinho,15,81,CM,36,36,false
BRA,2022,Alex Telles,alex-telles,16,75,LB/LM,34,75,false
BRA,2022,Bruno Guimarães,bruno-guimaraes,17,81,CM/RM,36,36,false
BRA,2022,Gabriel Jesus,gabriel-jesus,18,81,ST/RW,81,10,false
BRA,2022,Antony,antony,19,78,RW/LW,78,9,false
BRA,2022,Vinícius Júnior,vinicius-junior,20,86,LW/ST,86,10,false
BRA,2022,Rodrygo,rodrygo,21,80,RW/LW/ST,80,10,false
BRA,2022,Éverton Ribeiro,everton-ribeiro,22,74,CM/RM,33,33,false
BRA,2022,Ederson,ederson,23,85,GK,0,85,false
BRA,2022,Bremer,bremer,24,79,CB,9,79,false
BRA,2022,Pedro,pedro,25,77,ST,77,9,false
BRA,2022,Gabriel Martinelli,gabriel-martinelli,26,79,LW/ST/RW,79,9,false
BRA,2026,Alisson,alisson,1,89,GK,0,89,false
BRA,2026,Wesley,wesley-franca,2,81,RB/RM,36,81,false
BRA,2026,Gabriel,gabriel-magalhaes,3,86,CB,10,86,false
BRA,2026,Marquinhos,marquinhos,4,87,CB,10,87,false
BRA,2026,Casemiro,casemiro,5,84,CM/RM,38,38,false
BRA,2026,Alex Sandro,alex-sandro,6,78,LB/LM,35,78,false
BRA,2026,Vinícius Jr,vinicius-junior,7,91,LW/ST,91,11,false
BRA,2026,Bruno Guimarães,bruno-guimaraes,8,86,CM/RM,39,39,false
BRA,2026,Matheus Cunha,matheus-cunha,9,83,ST/LW,83,10,false
BRA,2026,Neymar,neymar,10,87,CM/LW,87,39,true
BRA,2026,Raphinha,raphinha,11,88,RW/ST,88,11,false
BRA,2026,Weverton,weverton,12,73,GK,0,73,false
BRA,2026,Danilo,danilo,13,79,RB/CB,9,79,false
BRA,2026,Bremer,bremer,14,84,CB,10,84,false
BRA,2026,Léo Pereira,leo-pereira,15,77,CB,9,77,false
BRA,2026,Douglas Santos,douglas-santos,16,78,LB/LM,35,78,false
BRA,2026,Fabinho,fabinho,17,79,CM/RM,36,36,false
BRA,2026,Danilo,danilo-volante,18,78,CM/RM,35,35,false
BRA,2026,Endrick,endrick,19,80,ST/LW,80,10,false
BRA,2026,Paquetá,lucas-paqueta,20,82,CM/LM,37,37,false
BRA,2026,Luiz Henrique,luiz-henrique,21,79,RW/LW,79,9,false
BRA,2026,Martinelli,gabriel-martinelli,22,81,LW/ST,81,10,false
BRA,2026,Ederson,ederson,23,82,GK,0,82,false
BRA,2026,Ibañez,roger-ibanez,24,77,CB,9,77,false
BRA,2026,Igor Thiago,igor-thiago,25,76,ST,76,9,false
BRA,2026,Rayan,rayan,26,76,RW/LW,76,9,false
BUL,1970,Simeonov,simeon-simeonov,1,76,GK,0,76,false
BUL,1970,Shalamanov,aleksandar-shalamanov,2,73,RB,9,73,false
BUL,1970,Dimitrov,ivan-dimitrov,3,75,CB,9,75,false
BUL,1970,Aladzhov,stefan-aladzhov,4,72,LB,9,72,false
BUL,1970,Davidov,ivan-davidov,5,74,CM,33,33,false
BUL,1970,Penev,dimitar-penev,6,76,CB,9,76,false
BUL,1970,Popov,georgi-popov,7,73,RW,73,9,false
BUL,1970,Bonev,hristo-bonev,8,86,CM,39,39,true
BUL,1970,Zhekov,petar-zhekov,9,85,ST,85,10,false
BUL,1970,Yakimov,dimitar-yakimov,10,75,CM/RW,75,34,false
BUL,1970,Dermendzhiev,dinko-dermendzhiev,11,79,RW/LW,79,9,false
BUL,1970,Gaydarski,milko-gaydarski,12,72,RB,9,72,false
BUL,1970,Yordanov,stoyan-yordanov,13,73,GK,0,73,false
BUL,1970,Zhechev,dobromir-zhechev,14,73,CB,9,73,false
BUL,1970,Gaganelov,boris-gaganelov,15,72,LB,9,72,false
BUL,1970,Nikodimov,asparuh-nikodimov,16,74,CM/LM,33,33,false
BUL,1970,Kolev,todor-kolev,17,73,CB/RM,33,73,false
BUL,1970,Marashliev,dimitar-marashliev,18,74,ST,74,9,false
BUL,1970,Asparuhov,georgi-asparuhov,19,87,ST/LW,87,10,true
BUL,1970,Mitkov,vasil-mitkov,20,72,LM/CM,32,32,false
BUL,1970,Grigorov,bozhidar-grigorov,21,71,ST,71,9,false
BUL,1970,Kamenski,georgi-kamenski,22,71,GK,0,71,false
BUL,1994,Mihaylov,borislav-mihaylov,1,78,GK,0,78,false
BUL,1994,Kremenliev,emil-kremenliev,2,75,RB/RM,34,75,false
BUL,1994,T. Ivanov,trifon-ivanov,3,79,CB,9,79,false
BUL,1994,Tsvetanov,tsanko-tsvetanov,4,75,LB/CB,9,75,false
BUL,1994,Hubchev,petar-hubchev,5,76,CB,9,76,false
BUL,1994,Yankov,zlatko-yankov,6,75,RM/CM,34,34,false
BUL,1994,Kostadinov,emil-kostadinov,7,82,RW/ST,82,10,false
BUL,1994,Stoichkov,hristo-stoichkov,8,89,LW/ST,89,11,true
BUL,1994,Letchkov,yordan-letchkov,9,80,CM/RM,36,36,false
BUL,1994,Sirakov,nasko-sirakov,10,78,ST/LW,78,9,false
BUL,1994,Borimirov,daniel-borimirov,11,76,CM/RM,34,34,false
BUL,1994,Nikolov,plamen-nikolov,12,70,GK,0,70,false
BUL,1994,Yordanov,ivaylo-yordanov,13,73,LM/CM,33,33,false
BUL,1994,Genchev,boncho-genchev,14,74,CM/LM,33,33,false
BUL,1994,N. Iliev,nikolay-iliev,15,71,CB/RB,9,71,false
BUL,1994,Kiryakov,iliyan-kiryakov,16,74,RB/LM,33,74,false
BUL,1994,Mihtarski,petar-mihtarski,17,72,RW/ST,72,9,false
BUL,1994,Aleksandrov,petar-aleksandrov,18,73,ST/RW,73,9,false
BUL,1994,Georgiev,georgi-georgiev,19,71,CM/LM,32,32,false
BUL,1994,Balakov,krasimir-balakov,20,83,CM/LM,37,37,false
BUL,1994,Yotov,velko-yotov,21,70,ST/LM,70,32,false
BUL,1994,Andonov,ivaylo-andonov,22,71,ST/LW,71,9,false
CHI,1974,Vallejos,leopoldo-vallejos,1,76,GK,0,76,false
CHI,1974,García,rolando-garcia,2,73,RB,9,73,false
CHI,1974,Quintano,alberto-quintano,3,77,CB,9,77,false
CHI,1974,Arias,antonio-arias,4,74,LB,9,74,false
CHI,1974,Figueroa,elias-figueroa,5,93,CB,11,93,true
CHI,1974,Rodríguez,juan-rodriguez-vega,6,74,CB/RM,33,74,false
CHI,1974,Caszely,carlos-caszely,7,88,LW/ST,88,11,true
CHI,1974,Valdés,francisco-valdes,8,82,CM/RW,82,37,false
CHI,1974,Ahumada,sergio-ahumada,9,75,LW/ST,75,9,false
CHI,1974,Reinoso,carlos-reinoso,10,89,CM,40,40,true
CHI,1974,Véliz,leonardo-veliz,11,78,LW/ST,78,9,false
CHI,1974,Machuca,juan-machuca,12,72,RB/RM,32,72,false
CHI,1974,González,rafael-gonzalez,13,73,CB,9,73,false
CHI,1974,Lara,alfonso-lara,14,75,CM/LM,34,34,false
CHI,1974,Galindo,mario-galindo,15,72,CB/LB,9,72,false
CHI,1974,Páez,guillermo-paez,16,76,CM,34,34,false
CHI,1974,Yávar,guillermo-yavar,17,77,CM/RW,77,35,false
CHI,1974,Socías,jorge-socias,18,74,CM/LM,33,33,false
CHI,1974,Farías,rogelio-farias,19,73,CM/RM,33,33,false
CHI,1974,Castro,osvaldo-castro,20,76,RW/ST,76,9,false
CHI,1974,Olivares,juan-olivares,21,70,GK,0,70,false
CHI,1974,Nef,adolfo-nef,22,68,GK,0,68,false
CHI,2010,Bravo,claudio-bravo,1,83,GK,0,83,true
CHI,2010,Fuentes,ismael-fuentes,2,72,RB,9,72,false
CHI,2010,Ponce,waldo-ponce,3,74,CB,9,74,false
CHI,2010,Isla,mauricio-isla,4,82,RB/RM,37,82,false
CHI,2010,Contreras,pablo-contreras,5,77,CB,9,77,false
CHI,2010,Carmona,carlos-carmona,6,75,CM/RM,34,34,false
CHI,2010,Alexis,alexis-sanchez,7,87,LW/RW/ST,87,10,true
CHI,2010,Vidal,arturo-vidal,8,86,CM/RM,39,39,false
CHI,2010,Suazo,humberto-suazo,9,82,ST,82,10,false
CHI,2010,Valdivia,jorge-valdivia,10,83,CM/LW,83,37,false
CHI,2010,M. González,mark-gonzalez,11,78,RW/LW,78,9,false
CHI,2010,Pinto,miguel-pinto,12,72,GK,0,72,false
CHI,2010,Estrada,marco-estrada,13,74,CM/RM,33,33,false
CHI,2010,M. Fernández,matias-fernandez,14,79,CM/LW,79,36,false
CHI,2010,Beausejour,jean-beausejour,15,79,LB/LM,36,79,false
CHI,2010,Orellana,fabian-orellana,16,76,LW/RW,76,9,false
CHI,2010,Medel,gary-medel,17,82,CB/CM,37,82,false
CHI,2010,Jara,gonzalo-jara,18,79,CB/RB,9,79,false
CHI,2010,Fierro,gonzalo-fierro,19,73,CB/LB,9,73,false
CHI,2010,Millar,rodrigo-millar,20,74,CM/LM,33,33,false
CHI,2010,Tello,rodrigo-tello,21,75,LW/LM,75,34,false
CHI,2010,Paredes,esteban-paredes,22,76,ST,76,9,false
CHI,2014,Bravo,claudio-bravo,1,83,GK,0,83,false
CHI,2014,Mena,eugenio-mena,2,77,LB/LM,35,77,false
CHI,2014,Albornoz,miiko-albornoz,3,72,LB/LM,32,72,false
CHI,2014,Isla,mauricio-isla,4,80,RB/RM/RW,80,80,false
CHI,2014,F. Silva,francisco-silva,5,74,CM/RM/CB,33,74,false
CHI,2014,Carmona,carlos-carmona,6,76,CM/RM,34,34,false
CHI,2014,Alexis,alexis-sanchez,7,88,RW/ST/LW,88,11,true
CHI,2014,Vidal,arturo-vidal,8,87,CM/RM,39,39,true
CHI,2014,Pinilla,mauricio-pinilla,9,76,ST/LW,76,9,false
CHI,2014,Valdivia,jorge-valdivia,10,79,CM/LM,36,36,false
CHI,2014,Vargas,eduardo-vargas,11,82,ST/LW/RW,82,10,false
CHI,2014,Toselli,cristopher-toselli,12,70,GK,0,70,false
CHI,2014,Rojas,jose-manuel-rojas,13,74,CB,9,74,false
CHI,2014,Orellana,fabian-orellana,14,75,LM/LW/RW,75,34,false
CHI,2014,Beausejour,jean-beausejour,15,78,LM/LB/LW,78,78,false
CHI,2014,F. Gutiérrez,felipe-gutierrez,16,73,CM/LM,33,33,false
CHI,2014,Medel,gary-medel,17,82,CB/CM,37,82,false
CHI,2014,Jara,gonzalo-jara,18,77,CB/RB,9,77,false
CHI,2014,Fuenzalida,jose-pedro-fuenzalida,19,73,RM/RW/LM,73,33,false
CHI,2014,Aránguiz,charles-aranguiz,20,80,CM/RM,36,36,false
CHI,2014,M. Díaz,marcelo-diaz,21,79,CM/RM,36,36,false
CHI,2014,Paredes,esteban-paredes,22,73,ST/RW,73,9,false
CHI,2014,Herrera,johnny-herrera,23,71,GK,0,71,false
CIV,2006,Tizié,jean-jacques-tizie,1,75,GK,0,75,false
CIV,2006,Akalé,kanga-akale,2,74,RW/RM,74,33,false
CIV,2006,Boka,arthur-boka,3,79,LB,9,79,false
CIV,2006,Kolo Touré,kolo-toure,4,84,CB,10,84,false
CIV,2006,Zokora,didier-zokora,5,81,CM/RM,36,36,false
CIV,2006,Kouassi,blaise-kouassi,6,74,CB,9,74,false
CIV,2006,Faé,emerse-fae,7,76,CM,34,34,false
CIV,2006,B. Kalou,bonaventure-kalou,8,77,LM/LW,77,35,false
CIV,2006,Arouna Koné,arouna-kone,9,77,ST,77,9,false
CIV,2006,Yapi Yapo,gilles-yapi-yapo,10,75,CM,34,34,false
CIV,2006,Drogba,didier-drogba,11,88,ST,88,11,true
CIV,2006,Méïté,abdoulaye-meite,12,77,CB,9,77,false
CIV,2006,Zoro,marco-zoro,13,74,CB/RB,9,74,false
CIV,2006,Bakari Koné,bakari-kone,14,77,LW/ST,77,9,false
CIV,2006,Dindane,aruna-dindane,15,79,ST,79,9,false
CIV,2006,Gnanhouan,gerard-gnanhouan,16,72,GK,0,72,false
CIV,2006,Domoraud,cyril-domoraud,17,74,CB/CM,33,74,false
CIV,2006,Kader Keïta,abdul-kader-keita,18,79,RW/LM,79,36,false
CIV,2006,Yaya Touré,yaya-toure,19,83,CM,37,37,false
CIV,2006,Demel,guy-demel,20,76,RB,9,76,false
CIV,2006,Eboué,emmanuel-eboue,21,79,RB,9,79,false
CIV,2006,Romaric,romaric,22,75,CM/LM,34,34,false
CIV,2006,Barry,boubacar-barry,23,75,GK,0,75,false
CIV,2010,Barry,boubacar-barry,1,77,GK,0,77,false
CIV,2010,Angoua,benjamin-angoua,2,73,CB,9,73,false
CIV,2010,Boka,arthur-boka,3,80,LB,10,80,false
CIV,2010,Kolo Touré,kolo-toure,4,84,CB,10,84,false
CIV,2010,Zokora,didier-zokora,5,81,CM/RM,36,36,false
CIV,2010,Gohouri,steve-gohouri,6,74,CB,9,74,false
CIV,2010,Doumbia,seydou-doumbia,7,78,ST,78,9,false
CIV,2010,Kalou,salomon-kalou,8,81,LW/ST,81,10,false
CIV,2010,Tioté,cheick-tiote,9,80,CM,36,36,false
CIV,2010,Gervinho,gervinho,10,80,RW/LW,80,10,false
CIV,2010,Drogba,didier-drogba,11,88,ST,88,11,true
CIV,2010,Gosso,jean-jacques-gosso,12,74,CM,33,33,false
CIV,2010,Romaric,romaric,13,76,CM/LM,34,34,false
CIV,2010,E. Koné,emmanuel-kone,14,73,RM/CM,33,33,false
CIV,2010,Dindane,aruna-dindane,15,78,ST,78,9,false
CIV,2010,Zogbo,aristide-zogbo,16,74,GK,0,74,false
CIV,2010,Tiéné,siaka-tiene,17,76,LB/RB,9,76,false
CIV,2010,Kader Keïta,abdul-kader-keita,18,79,RW/LM,79,36,false
CIV,2010,Yaya Touré,yaya-toure,19,86,CM,39,39,false
CIV,2010,Demel,guy-demel,20,77,RB/CB,9,77,false
CIV,2010,Eboué,emmanuel-eboue,21,80,RB,10,80,false
CIV,2010,Bamba,sol-bamba,22,75,CB,9,75,false
CIV,2010,Yeboah,daniel-yeboah,23,70,GK,0,70,false
CIV,2014,Barry,boubacar-barry,1,76,GK,0,76,false
CIV,2014,Viera,ousmane-viera,2,72,CB,9,72,false
CIV,2014,Boka,arthur-boka,3,77,LB,9,77,false
CIV,2014,Kolo Touré,kolo-toure,4,81,CB,10,81,false
CIV,2014,Zokora,didier-zokora,5,78,CB/CM,35,78,false
CIV,2014,Bolly,mathis-bolly,6,72,LW/RW,72,9,false
CIV,2014,Akpa Akpro,jean-daniel-akpa-akpro,7,73,RB/RM,33,73,false
CIV,2014,Kalou,salomon-kalou,8,80,LW/ST,80,10,false
CIV,2014,Tioté,cheick-tiote,9,80,CM,36,36,false
CIV,2014,Gervinho,gervinho,10,81,RW/LW,81,10,false
CIV,2014,Drogba,didier-drogba,11,82,ST,82,10,true
CIV,2014,Bony,wilfried-bony,12,82,ST,82,10,false
CIV,2014,Ya Konan,didier-ya-konan,13,75,ST,75,9,false
CIV,2014,Diomandé,ismael-diomande,14,74,CM/RM,33,33,false
CIV,2014,Gradel,max-gradel,15,78,LW/LM,78,35,false
CIV,2014,Gbohouo,sylvain-gbohouo,16,73,GK,0,73,false
CIV,2014,Aurier,serge-aurier,17,81,RB,10,81,false
CIV,2014,Djakpa,constant-djakpa,18,74,LB/CB,9,74,false
CIV,2014,Yaya Touré,yaya-toure,19,87,CM,39,39,false
CIV,2014,Serey Dié,serey-die,20,76,CM,34,34,false
CIV,2014,Sio,giovanni-sio,21,75,ST/RW,75,9,false
CIV,2014,Bamba,sol-bamba,22,77,CB,9,77,false
CIV,2014,Mandé,sayouba-mande,23,71,GK,0,71,false
CMR,1982,N'Kono,thomas-nkono,1,80,GK,0,80,true
CMR,1982,Kaham,michel-kaham,2,70,RB,8,70,false
CMR,1982,Enoka,edmond-enoka,3,69,CB,8,69,false
CMR,1982,N'Djeya,rene-ndjeya,4,72,CB,9,72,false
CMR,1982,Onana,elie-onana,5,71,CB/RM,32,71,false
CMR,1982,Kundé,emmanuel-kunde,6,76,CB,9,76,false
CMR,1982,M'Bom,ephrem-mbom,7,70,CM,32,32,false
CMR,1982,M'Bida,gregoire-mbida,8,75,CM,34,34,false
CMR,1982,Milla,roger-milla,9,79,ST/LW,79,9,true
CMR,1982,Tokoto,jean-pierre-tokoto,10,76,CM/LW,76,34,false
CMR,1982,Toubé,charles-toube,11,71,RM/CM,32,32,false
CMR,1982,Bell,joseph-antoine-bell,12,76,GK,0,76,false
CMR,1982,Bahoken,paul-bahoken,13,72,RW,72,9,false
CMR,1982,Abega,theophile-abega,14,77,CM,35,35,false
CMR,1982,N'Doumbé,francois-ndoumbe,15,69,LB,8,69,false
CMR,1982,Aoudou,ibrahim-aoudou,16,70,RB,8,70,false
CMR,1982,Kamga,joseph-kamga,17,70,CM/RM,32,32,false
CMR,1982,N'Guea,jacques-nguea,18,71,ST,71,9,false
CMR,1982,Enanga,joseph-enanga,19,69,CM/LM,31,31,false
CMR,1982,Eyobo,oscar-eyobo,20,68,LW/ST,68,8,false
CMR,1982,Ebongué,ernest-ebongue,21,67,RW,67,8,false
CMR,1982,Tchobang,simon-tchobang,22,68,GK,0,68,false
CMR,1990,Bell,joseph-antoine-bell,1,76,GK,0,76,false
CMR,1990,Kana-Biyik,andre-kana-biyik,2,75,CB/RB,9,75,false
CMR,1990,Onana,jules-onana,3,72,CM/CB,32,72,false
CMR,1990,Massing,benjamin-massing,4,74,CB/RB,9,74,false
CMR,1990,Ebwellé,bertin-ebwelle,5,71,LB/CB,9,71,false
CMR,1990,Kundé,emmanuel-kunde,6,78,CB/CM,35,78,false
CMR,1990,Omam-Biyik,francois-omam-biyik,7,80,ST/RW,80,10,false
CMR,1990,Mbouh,emile-mbouh,8,74,RM/CM,33,33,false
CMR,1990,Milla,roger-milla,9,82,ST/LW,82,10,true
CMR,1990,M'Fédé,louis-paul-mfede,10,75,LM/CM,34,34,false
CMR,1990,Ekéké,eugene-ekeke,11,73,ST/RW,73,9,false
CMR,1990,Yombi,alphonse-yombi,12,66,CB/LB,8,66,false
CMR,1990,Pagal,jean-claude-pagal,13,71,LB/LM,32,71,false
CMR,1990,Tataw,stephen-tataw,14,76,RB/CB,9,76,false
CMR,1990,Libiih,thomas-libiih,15,68,CM/CB,31,68,false
CMR,1990,N'Kono,thomas-nkono,16,80,GK,0,80,true
CMR,1990,N'Dip,victor-ndip,17,72,CB/RB,9,72,false
CMR,1990,Djonkep,bonaventure-djonkep,18,70,LW/ST,70,8,false
CMR,1990,Feutmba,roger-feutmba,19,67,RM/CM,30,30,false
CMR,1990,Makanaky,cyrille-makanaky,20,77,LM/LW,77,35,false
CMR,1990,Maboang,emmanuel-maboang,21,70,RM/CM,32,32,false
CMR,1990,Songo'o,jacques-songoo,22,70,GK,0,70,false
COL,1990,Higuita,rene-higuita,1,84,GK,21,84,true
COL,1990,A. Escobar,andres-escobar,2,81,CB/RB,10,81,false
COL,1990,G. Gómez,gildardo-gomez,3,73,CB/RB,9,73,false
COL,1990,L. Herrera,luis-herrera,4,76,RB/RM,34,76,false
COL,1990,León Villa,leon-villa,5,72,CM/RM,32,32,false
COL,1990,Pérez,jose-ricardo-perez,6,72,CB/RB,9,72,false
COL,1990,Estrada,carlos-estrada,7,72,RW/ST,72,9,false
COL,1990,Barrabás Gómez,gabriel-gomez,8,76,CM/RM,34,34,false
COL,1990,Guerrero,miguel-guerrero,9,72,LW/ST,72,9,false
COL,1990,Valderrama,carlos-valderrama,10,85,CM/LM,38,38,true
COL,1990,Redín,bernardo-redin,11,77,CM/LM,35,35,false
COL,1990,Niño,eduardo-nino,12,71,GK,0,71,false
COL,1990,Hoyos,carlos-hoyos,13,70,CB,8,70,false
COL,1990,Álvarez,leonel-alvarez,14,80,CM/RM,36,36,false
COL,1990,Perea,luis-carlos-perea,15,78,CB,9,78,false
COL,1990,Iguarán,arnoldo-iguaran,16,80,ST/RW,80,10,false
COL,1990,Cassiani,geovanis-cassiani,17,71,LB/LM,32,71,false
COL,1990,Cabrera,wilmer-cabrera,18,75,LB/RB/RM,34,75,false
COL,1990,Rincón,freddy-rincon,19,83,CM/RM/RW,83,37,false
COL,1990,Fajardo,luis-fajardo,20,70,LM/CM,32,32,false
COL,1990,Mendoza,alexis-mendoza,21,73,LB/CB,9,73,false
COL,1990,Hernández,ruben-dario-hernandez,22,74,ST/LW,74,9,false
COL,1998,Ó. Córdoba,oscar-cordoba,1,82,GK,0,82,false
COL,1998,I. Córdoba,ivan-cordoba,2,79,CB/RB,9,79,false
COL,1998,Palacios,ever-palacios,3,67,LB,8,67,false
COL,1998,Santa,jose-santa,4,75,CB,9,75,false
COL,1998,Bermúdez,jorge-bermudez,5,80,CB,10,80,false
COL,1998,Serna,mauricio-serna,6,77,CM/RM,35,35,false
COL,1998,De Ávila,antony-de-avila,7,76,ST/LW,76,9,false
COL,1998,H. Lozano,harold-lozano,8,75,RB/RM,34,75,false
COL,1998,A. Valencia,adolfo-valencia,9,78,ST/RW,78,9,false
COL,1998,Valderrama,carlos-valderrama,10,84,CM,38,38,true
COL,1998,Asprilla,faustino-asprilla,11,86,ST/LW,86,10,true
COL,1998,Calero,miguel-calero,12,73,GK,0,73,false
COL,1998,Cabrera,wilmer-cabrera,13,75,LB/RM,34,75,false
COL,1998,Bolaño,jorge-bolano,14,68,CM,31,31,false
COL,1998,Aristizábal,victor-aristizabal,15,79,ST,79,9,false
COL,1998,Moreno,luis-antonio-moreno,16,72,RB/CB,9,72,false
COL,1998,A. Estrada,andres-estrada,17,70,CM/LM,32,32,false
COL,1998,Pérez,john-wilmar-perez,18,73,CM/RM,33,33,false
COL,1998,Rincón,freddy-rincon,19,83,CM/RM,37,37,false
COL,1998,Ricard,hamilton-ricard,20,75,ST,75,9,false
COL,1998,L. Preciado,leider-preciado,21,70,LW/ST,70,8,false
COL,1998,Mondragón,faryd-mondragon,22,78,GK,0,78,false
COL,2014,Ospina,david-ospina,1,83,GK,0,83,false
COL,2014,Zapata,cristian-zapata,2,79,CB,9,79,false
COL,2014,Yepes,mario-yepes,3,81,CB,10,81,false
COL,2014,Arias,santiago-arias,4,78,RB/RM,35,78,false
COL,2014,Carbonero,carlos-carbonero,5,71,LM/CM,32,32,false
COL,2014,C. Sánchez,carlos-sanchez,6,78,CM/RM,35,35,false
COL,2014,Armero,pablo-armero,7,78,LB/LM,35,78,false
COL,2014,Aguilar,abel-aguilar,8,78,CM/RM,35,35,false
COL,2014,Teo,teofilo-gutierrez,9,80,ST/LW,80,10,false
COL,2014,James,james-rodriguez,10,86,CM/LM/LW,86,39,true
COL,2014,Cuadrado,juan-cuadrado,11,84,RW/RM/LM,84,38,false
COL,2014,Vargas,camilo-vargas,12,71,GK,0,71,false
COL,2014,Guarín,fredy-guarin,13,82,CM/RM/LM,37,37,false
COL,2014,Ibarbo,victor-ibarbo,14,74,LW/ST/RW,74,9,false
COL,2014,Mejía,alexander-mejia,15,74,CM/RM,33,33,false
COL,2014,Balanta,eder-alvarez-balanta,16,74,CB/CM,33,74,false
COL,2014,Bacca,carlos-bacca,17,80,ST/RW,80,10,false
COL,2014,Zúñiga,juan-camilo-zuniga,18,77,RB/LB/RM,35,77,false
COL,2014,A. Ramos,adrian-ramos,19,77,ST/RW,77,9,false
COL,2014,Quintero,juan-fernando-quintero,20,77,CM/LM,35,35,false
COL,2014,J. Martínez,jackson-martinez,21,82,ST/LW,82,10,false
COL,2014,Mondragón,faryd-mondragon,22,70,GK,0,70,false
COL,2014,Valdés,carlos-valdes,23,73,CB/RB,9,73,false
CRC,2014,Navas,keylor-navas,1,82,GK,0,82,false
CRC,2014,Acosta,jhonny-acosta,2,74,CB/RB,9,74,false
CRC,2014,González,giancarlo-gonzalez,3,78,CB,9,78,false
CRC,2014,Umaña,michael-umana,4,75,CB,9,75,false
CRC,2014,Borges,celso-borges,5,78,CM/RM,35,35,false
CRC,2014,Duarte,oscar-duarte,6,75,CB,9,75,false
CRC,2014,Bolaños,christian-bolanos,7,76,RM/RW/CM,76,34,false
CRC,2014,Myrie,david-myrie,8,71,RB/RM,32,71,false
CRC,2014,Campbell,joel-campbell,9,79,RW/ST/LW,79,9,false
CRC,2014,Ruiz,bryan-ruiz,10,80,CM/LW/ST,80,36,false
CRC,2014,Barrantes,michael-barrantes,11,72,LM/LW/CM,72,32,false
CRC,2014,Francis,waylon-francis,12,71,LB,9,71,false
CRC,2014,Granados,oscar-granados,13,68,CM/RM,31,31,false
CRC,2014,Brenes,randall-brenes,14,71,ST/RW,71,9,false
CRC,2014,Díaz,junior-diaz,15,74,LB/LM,33,74,false
CRC,2014,Gamboa,cristian-gamboa,16,74,RB/RM,33,74,false
CRC,2014,Tejeda,yeltsin-tejeda,17,74,CM/RM,33,33,false
CRC,2014,Pemberton,patrick-pemberton,18,68,GK,0,68,false
CRC,2014,Miller,roy-miller,19,72,LB/CB,9,72,false
CRC,2014,Calvo,diego-calvo,20,70,LM/LW/CM,70,32,false
CRC,2014,Ureña,marco-urena,21,73,ST/LW,73,9,false
CRC,2014,Cubero,jose-miguel-cubero,22,70,CM/RM/CB,32,70,false
CRC,2014,Cambronero,daniel-cambronero,23,66,GK,0,66,false
CRO,1998,Ladić,drazen-ladic,1,80,GK,0,80,false
CRO,1998,Krpan,petar-krpan,2,70,ST/RW,70,8,false
CRO,1998,Šerić,anthony-seric,3,71,LB/CB,9,71,false
CRO,1998,Štimac,igor-stimac,4,80,CB,10,80,false
CRO,1998,Jurić,goran-juric,5,74,CB,9,74,false
CRO,1998,Bilić,slaven-bilic,6,80,CB/RB,10,80,false
CRO,1998,Asanović,aljosa-asanovic,7,83,CM/LM,37,37,false
CRO,1998,Prosinečki,robert-prosinecki,8,85,CM/RM,38,38,true
CRO,1998,Šuker,davor-suker,9,88,ST/LW,88,11,true
CRO,1998,Boban,zvonimir-boban,10,86,CM/RM,39,39,true
CRO,1998,Marić,silvio-maric,11,74,CM/LM,33,33,false
CRO,1998,Mrmić,marijan-mrmic,12,71,GK,0,71,false
CRO,1998,Stanić,mario-stanic,13,80,RM/RW/CM,80,36,false
CRO,1998,Soldo,zvonimir-soldo,14,79,CM/RM/CB,36,79,false
CRO,1998,Tudor,igor-tudor,15,78,CB,9,78,false
CRO,1998,Kozniku,ardian-kozniku,16,72,LW/ST,72,9,false
CRO,1998,Jarni,robert-jarni,17,83,LB/LM,37,83,false
CRO,1998,Mamić,zoran-mamic,18,74,RB/RM,33,74,false
CRO,1998,Vlaović,goran-vlaovic,19,79,ST/RW,79,9,false
CRO,1998,Šimić,dario-simic,20,79,RB/CB,9,79,false
CRO,1998,Jurčić,krunoslav-jurcic,21,73,CM/RM,33,33,false
CRO,1998,Vasilj,vladimir-vasilj,22,69,GK,0,69,false
CRO,2018,Livaković,dominik-livakovic,1,76,GK,0,76,false
CRO,2018,Vrsaljko,sime-vrsaljko,2,81,RB/RM,36,81,false
CRO,2018,Strinić,ivan-strinic,3,77,LB,9,77,false
CRO,2018,Perišić,ivan-perisic,4,84,LW/LM/ST,84,38,false
CRO,2018,Ćorluka,vedran-corluka,5,78,CB/RB,9,78,false
CRO,2018,Lovren,dejan-lovren,6,81,CB,10,81,false
CRO,2018,Rakitić,ivan-rakitic,7,85,CM/RM,38,38,false
CRO,2018,Kovačić,mateo-kovacic,8,82,CM/RM,37,37,false
CRO,2018,Kramarić,andrej-kramaric,9,80,ST/LW,80,10,false
CRO,2018,Modrić,luka-modric,10,90,CM/RM,41,41,true
CRO,2018,Brozović,marcelo-brozovic,11,82,CM/RM,37,37,false
CRO,2018,Lovre Kalinić,lovre-kalinic,12,72,GK,0,72,false
CRO,2018,Jedvaj,tin-jedvaj,13,74,RB/CB,9,74,false
CRO,2018,Bradarić,filip-bradaric,14,73,CM/RM,33,33,false
CRO,2018,Ćaleta-Car,duje-caleta-car,15,76,CB,9,76,false
CRO,2018,Nikola Kalinić,nikola-kalinic,16,77,ST,77,9,false
CRO,2018,Mandžukić,mario-mandzukic,17,84,ST/LW,84,10,false
CRO,2018,Rebić,ante-rebic,18,79,RW/ST/LW,79,9,false
CRO,2018,Badelj,milan-badelj,19,76,CM/RM,34,34,false
CRO,2018,Pjaca,marko-pjaca,20,74,LW/RW,74,9,false
CRO,2018,Vida,domagoj-vida,21,80,CB,10,80,false
CRO,2018,Pivarić,josip-pivaric,22,74,LB,9,74,false
CRO,2018,Subašić,danijel-subasic,23,80,GK,0,80,false
CRO,2022,Livaković,dominik-livakovic,1,87,GK,0,87,false
CRO,2022,Barišić,borna-barisic,3,78,LB/RB,9,78,false
CRO,2022,Perišić,ivan-perisic,4,87,LW/RW,87,10,true
CRO,2022,Lovren,dejan-lovren,6,81,CB,10,81,false
CRO,2022,Majer,lovro-majer,7,80,CM/RW/RM,80,36,false
CRO,2022,Kovačić,mateo-kovacic,8,87,CM,39,39,false
CRO,2022,Kramarić,andrej-kramaric,9,85,ST/CM,85,38,false
CRO,2022,Modrić,luka-modric,10,92,CM,41,41,true
CRO,2022,Brozović,marcelo-brozovic,11,86,CM,39,39,false
CRO,2022,Grbić,ivo-grbic,12,74,GK,0,74,false
CRO,2022,Vlašić,nikola-vlasic,13,82,CM/LW/LM,82,37,false
CRO,2022,Livaja,marko-livaja,14,77,ST/LW,77,9,false
CRO,2022,Pašalić,mario-pasalic,15,81,CM,36,36,false
CRO,2022,Petković,bruno-petkovic,16,78,ST,78,9,false
CRO,2022,Budimir,ante-budimir,17,76,ST,76,9,false
CRO,2022,Oršić,mislav-orsic,18,79,LW/RW,79,9,false
CRO,2022,Sosa,borna-sosa,19,80,LB,10,80,false
CRO,2022,Gvardiol,josko-gvardiol,20,87,CB/LB,10,87,false
CRO,2022,Vida,domagoj-vida,21,76,CB,9,76,false
CRO,2022,Juranović,josip-juranovic,22,80,RB,10,80,false
CRO,2022,Ivušić,ivica-ivusic,23,72,GK,0,72,false
CRO,2022,Sučić,luka-sucic,25,76,CM,34,34,false
CZE,1990,Stejskal,jan-stejskal,1,78,GK,0,78,false
CZE,1990,Bielik,julius-bielik,2,74,CB/CM,33,74,false
CZE,1990,Kadlec,miroslav-kadlec,3,79,CB/LB,9,79,false
CZE,1990,Hašek,ivan-hasek,4,81,CM/RM,36,36,false
CZE,1990,Kocian,jan-kocian,5,78,CB,9,78,false
CZE,1990,Straka,frantisek-straka,6,77,CB/RB,9,77,false
CZE,1990,Bílek,michal-bilek,7,78,CM/LM,35,35,false
CZE,1990,Chovanec,jozef-chovanec,8,80,CM/RM,36,36,false
CZE,1990,Kubík,lubos-kubik,9,80,CB/CM,36,80,false
CZE,1990,Skuhravý,tomas-skuhravy,10,82,ST,82,10,false
CZE,1990,Moravčík,lubomir-moravcik,11,82,LM/LW,82,37,false
CZE,1990,Fieber,peter-fieber,12,74,RW/LW,74,9,false
CZE,1990,Němec,jiri-nemec,13,76,CM/RB,34,76,false
CZE,1990,Weiss,vladimir-weiss,14,75,RB/CB,9,75,false
CZE,1990,Kinier,vladimir-kinier,15,73,CB,9,73,false
CZE,1990,Hýravý,viliam-hyravy,16,73,RM/CM,33,33,false
CZE,1990,Knoflíček,ivo-knoflicek,17,77,LW/RW,77,9,false
CZE,1990,Luhový,milan-luhovy,18,78,ST,78,9,false
CZE,1990,Griga,stanislav-griga,19,77,ST/RW,77,9,false
CZE,1990,Němeček,vaclav-nemecek,20,75,CM/LM,34,34,false
CZE,1990,Mikloško,ludek-miklosko,21,78,GK,0,78,false
CZE,1990,Palúch,peter-paluch,22,73,LB/CB,9,73,false
CZE,2006,Čech,petr-cech,1,88,GK,0,88,true
CZE,2006,Grygera,zdenek-grygera,2,79,RB/CB,9,79,false
CZE,2006,Mareš,pavel-mares,3,74,LB/CB,9,74,false
CZE,2006,Galásek,tomas-galasek,4,79,CM/RM,36,36,false
CZE,2006,Kováč,radoslav-kovac,5,76,CM/CB,34,76,false
CZE,2006,Jankulovski,marek-jankulovski,6,81,LB/LM,36,81,false
CZE,2006,Sionko,libor-sionko,7,76,RW/LW,76,9,false
CZE,2006,Poborský,karel-poborsky,8,82,RW/RM,82,37,false
CZE,2006,Koller,jan-koller,9,82,ST,82,10,false
CZE,2006,Rosický,tomas-rosicky,10,85,CM/RM,38,38,false
CZE,2006,Nedvěd,pavel-nedved,11,88,CM/LM,40,40,true
CZE,2006,Lokvenc,vratislav-lokvenc,12,75,ST,75,9,false
CZE,2006,Jiránek,martin-jiranek,13,77,CB,9,77,false
CZE,2006,Jarolím,david-jarolim,14,76,CM/RM,34,34,false
CZE,2006,Baroš,milan-baros,15,81,ST/LW,81,10,false
CZE,2006,Blažek,jaromir-blazek,16,74,GK,0,74,false
CZE,2006,Štajner,jiri-stajner,17,74,LW/ST,74,9,false
CZE,2006,Heinz,marek-heinz,18,74,LM/LW,74,33,false
CZE,2006,Polák,jan-polak,19,76,CM/RM,34,34,false
CZE,2006,Plašil,jaroslav-plasil,20,75,CM/LM,34,34,false
CZE,2006,Ujfaluši,tomas-ujfalusi,21,80,CB/RB,10,80,false
CZE,2006,Rozehnal,david-rozehnal,22,77,CB,9,77,false
CZE,2006,Kinský,antonin-kinsky,23,72,GK,0,72,false
DEN,1986,T. Rasmussen,troels-rasmussen,1,74,GK,0,74,false
DEN,1986,Sivebæk,john-sivebaek,2,78,RB/RM,35,78,false
DEN,1986,Busk,soren-busk,3,77,CB,9,77,false
DEN,1986,M. Olsen,morten-olsen,4,83,CB,10,83,false
DEN,1986,I. Nielsen,ivan-nielsen,5,78,CB,9,78,false
DEN,1986,Lerby,soren-lerby,6,86,CM,39,39,false
DEN,1986,Mølby,jan-molby,7,82,CM,37,37,false
DEN,1986,J. Olsen,jesper-olsen,8,81,LM/LW,81,36,false
DEN,1986,Berggreen,klaus-berggreen,9,82,LM/RW,82,37,false
DEN,1986,Elkjær,preben-elkjaer,10,88,ST,88,11,true
DEN,1986,M. Laudrup,michael-laudrup,11,88,RW/CM,88,40,true
DEN,1986,Bertelsen,jens-jorn-bertelsen,12,74,CM/ST,74,33,false
DEN,1986,Frimann,per-frimann,13,74,CM/LW,74,33,false
DEN,1986,Simonsen,allan-simonsen,14,82,ST/LW,82,10,false
DEN,1986,Arnesen,frank-arnesen,15,85,RM/CM,38,38,false
DEN,1986,Qvist,ole-qvist,16,73,GK,0,73,false
DEN,1986,K. Nielsen,kent-nielsen,17,76,CB/LB,9,76,false
DEN,1986,F. Christensen,flemming-christensen,18,74,ST/LW,74,9,false
DEN,1986,J. Eriksen,john-eriksen,19,74,ST/RW,74,9,false
DEN,1986,Bartram,jan-bartram,20,73,CM/RM,33,33,false
DEN,1986,H. Andersen,henrik-andersen,21,74,CB/LB,9,74,false
DEN,1986,Høgh,lars-hogh,22,76,GK,0,76,false
DEN,1998,Schmeichel,peter-schmeichel,1,87,GK,0,87,true
DEN,1998,Schjønberg,michael-schjonberg,2,74,CB/LB,9,74,false
DEN,1998,Rieper,marc-rieper,3,80,CB,10,80,false
DEN,1998,Høgh,jes-hogh,4,78,CB,9,78,false
DEN,1998,Heintze,jan-heintze,5,78,LB/CB,9,78,false
DEN,1998,Helveg,thomas-helveg,6,81,RB/RM,36,81,false
DEN,1998,A. Nielsen,allan-nielsen,7,76,CM/RM,34,34,false
DEN,1998,Frandsen,per-frandsen,8,76,CM/LM,34,34,false
DEN,1998,Molnar,miklos-molnar,9,73,ST/LW,73,9,false
DEN,1998,M. Laudrup,michael-laudrup,10,88,CM/RW,88,40,true
DEN,1998,B. Laudrup,brian-laudrup,11,86,LW/ST,86,10,true
DEN,1998,Colding,soren-colding,12,71,RB/CB,9,71,false
DEN,1998,Laursen,jacob-laursen,13,74,CB/RB,9,74,false
DEN,1998,Wieghorst,morten-wieghorst,14,75,CM/RM,34,34,false
DEN,1998,Tøfting,stig-tofting,15,76,CM,34,34,false
DEN,1998,Krogh,mogens-krogh,16,68,GK,0,68,false
DEN,1998,Goldbæk,bjarne-goldbaek,17,74,LM/CM,33,33,false
DEN,1998,Møller,peter-moller,18,73,ST/RW,73,9,false
DEN,1998,Sand,ebbe-sand,19,75,ST,75,9,false
DEN,1998,Henriksen,rene-henriksen,20,74,CB/RB,9,74,false
DEN,1998,M. Jørgensen,martin-jorgensen,21,74,RW/LM,74,33,false
DEN,1998,Kjær,peter-kjaer,22,65,GK,0,65,false
ECU,2006,Villafuerte,edwin-villafuerte,1,73,GK,0,73,false
ECU,2006,Guagua,jorge-guagua,2,74,CB,9,74,false
ECU,2006,Hurtado,ivan-hurtado,3,80,CB,10,80,true
ECU,2006,De la Cruz,ulises-de-la-cruz,4,78,RB/RM,35,78,false
ECU,2006,Perlaza,jose-luis-perlaza,5,72,CB/RB,9,72,false
ECU,2006,Urrutia,patricio-urrutia,6,74,CM/RM,33,33,false
ECU,2006,Lara,christian-lara,7,73,CM/LM,33,33,false
ECU,2006,Méndez,edison-mendez,8,80,CM/LM,36,36,false
ECU,2006,Borja,felix-borja,9,73,ST,73,9,false
ECU,2006,Kaviedes,ivan-kaviedes,10,78,ST,78,9,false
ECU,2006,Delgado,agustin-delgado,11,80,ST,80,10,true
ECU,2006,Mora,cristian-mora,12,78,GK,0,78,false
ECU,2006,Ambrosi,paul-ambrosi,13,73,LB/CB,9,73,false
ECU,2006,Castillo,segundo-castillo,14,77,CM/RM,35,35,false
ECU,2006,Ayoví,marlon-ayovi,15,76,CM/RM,34,34,false
ECU,2006,A. Valencia,antonio-valencia,16,83,RW/RM,83,37,true
ECU,2006,Espinoza,giovanny-espinoza,17,77,CB,9,77,false
ECU,2006,Reasco,neicer-reasco,18,76,RB/CB,9,76,false
ECU,2006,Saritama,luis-saritama,19,73,CM/LM,33,33,false
ECU,2006,E. Tenorio,edwin-tenorio,20,77,CM/RM,35,35,false
ECU,2006,C. Tenorio,carlos-tenorio,21,78,ST,78,9,false
ECU,2006,Lanza,damian-lanza,22,71,GK,0,71,false
ECU,2006,Benítez,christian-benitez,23,75,ST/LW,75,9,false
ECU,2022,Galíndez,hernan-galindez,1,76,GK,0,76,false
ECU,2022,F. Torres,felix-torres,2,77,CB,9,77,false
ECU,2022,Hincapié,piero-hincapie,3,80,CB/LB,10,80,false
ECU,2022,Arboleda,robert-arboleda,4,77,CB,9,77,false
ECU,2022,Cifuentes,jose-cifuentes,5,76,CM/RM,34,34,false
ECU,2022,Pacho,willian-pacho,6,76,CB,9,76,false
ECU,2022,Estupiñán,pervis-estupinan,7,80,LB,10,80,false
ECU,2022,Gruezo,carlos-gruezo,8,76,CM/RM,34,34,false
ECU,2022,A. Preciado,ayrton-preciado,9,74,LW/LM,74,33,false
ECU,2022,Ibarra,romario-ibarra,10,75,LW/RW,75,9,false
ECU,2022,Estrada,michael-estrada,11,74,ST,74,9,false
ECU,2022,Ramírez,moises-ramirez,12,73,GK,0,73,false
ECU,2022,E. Valencia,enner-valencia,13,81,ST,81,10,false
ECU,2022,Arreaga,xavier-arreaga,14,74,CB,9,74,false
ECU,2022,Mena,angel-mena,15,74,LM/LW,74,33,false
ECU,2022,Sarmiento,jeremy-sarmiento,16,75,LW/RW,75,9,false
ECU,2022,Á. Preciado,angelo-preciado,17,77,RB,9,77,false
ECU,2022,Palacios,diego-palacios,18,74,LB,9,74,false
ECU,2022,Plata,gonzalo-plata,19,78,RW/LW,78,9,false
ECU,2022,S. Méndez,sebas-mendez,20,74,CM/RM,33,33,false
ECU,2022,Franco,alan-franco,21,75,CM/CB,34,75,false
ECU,2022,Domínguez,alexander-dominguez,22,74,GK,0,74,false
ECU,2022,Caicedo,moises-caicedo,23,82,CM/RM,37,37,false
ECU,2022,D. Reasco,djorkaeff-reasco,24,72,LB/LM,32,72,false
ECU,2022,Porozo,jackson-porozo,25,73,CB,9,73,false
ECU,2022,K. Rodríguez,kevin-rodriguez,26,72,ST,72,9,false
ECU,2026,Galíndez,hernan-galindez,1,76,GK,0,76,false
ECU,2026,F. Torres,felix-torres,2,77,CB,9,77,false
ECU,2026,Hincapié,piero-hincapie,3,84,CB/LB,10,84,false
ECU,2026,Ordóñez,joel-ordonez,4,78,CB,9,78,false
ECU,2026,Alcívar,jordy-alcivar,5,74,CM/RM,33,33,false
ECU,2026,Pacho,willian-pacho,6,84,CB,10,84,false
ECU,2026,Estupiñán,pervis-estupinan,7,82,LB,10,82,false
ECU,2026,A. Valencia,anthony-valencia,8,75,RW/RM,75,34,false
ECU,2026,Yeboah,john-yeboah,9,75,RW/LM,75,34,false
ECU,2026,Páez,kendry-paez,10,78,CM/LM,35,35,false
ECU,2026,K. Rodríguez,kevin-rodriguez,11,76,ST,76,9,false
ECU,2026,Ramírez,moises-ramirez,12,74,GK,0,74,false
ECU,2026,E. Valencia,enner-valencia,13,77,ST,77,9,true
ECU,2026,Minda,alan-minda,14,74,LW/LM,74,33,false
ECU,2026,Vite,pedro-vite,15,74,CM/LM,33,33,false
ECU,2026,Angulo,nilson-angulo,16,76,LW/RW,76,9,false
ECU,2026,Á. Preciado,angelo-preciado,17,79,RB,9,79,false
ECU,2026,Medina,yaimar-medina,18,74,LB/RB,9,74,false
ECU,2026,Plata,gonzalo-plata,19,80,RW/LW,80,10,false
ECU,2026,D. Castillo,denil-castillo,20,74,CM/RM,33,33,false
ECU,2026,Franco,alan-franco,21,76,CM/CB,34,76,false
ECU,2026,Valle,gonzalo-valle,22,73,GK,0,73,false
ECU,2026,Caicedo,moises-caicedo,23,85,CM/RM,38,38,false
ECU,2026,J. Caicedo,jordy-caicedo,24,73,ST,73,9,false
ECU,2026,Porozo,jackson-porozo,25,74,CB,9,74,false
ECU,2026,Arévalo,jeremy-arevalo,26,74,ST/LW,74,9,false
EGY,1990,Shobair,ahmed-shobair,1,77,GK,0,77,false
EGY,1990,Ibrahim Hassan,ibrahim-hassan,2,77,RB/RM,35,77,false
EGY,1990,Yassin,rabie-yassin,3,77,CM/CB,35,77,false
EGY,1990,Ramzy,hany-ramzy,4,78,CB,9,78,false
EGY,1990,Yakan,hesham-yakan,5,75,CB,9,75,false
EGY,1990,Kasem,ashraf-kasem,6,76,CM,34,34,false
EGY,1990,Youssef,ismail-youssef,7,76,CM/RM,34,34,false
EGY,1990,Abdelghani,magdi-abdelghani,8,78,CM,35,35,false
EGY,1990,Hossam Hassan,hossam-hassan,9,79,ST,79,9,false
EGY,1990,Abdelhamid,gamal-abdelhamid,10,77,LW/LM,77,35,false
EGY,1990,Soliman,tarek-soliman,11,76,LB,9,76,false
EGY,1990,Abouzeid,taher-abouzeid,12,76,RW/ST,76,9,false
EGY,1990,Ahmed Ramzy,ahmed-ramzy,13,74,RB/CB,9,74,false
EGY,1990,Maihoub,alaa-maihoub,14,73,CB,9,73,false
EGY,1990,Eid,saber-eid,15,73,LM/CM,33,33,false
EGY,1990,Tolba,magdy-tolba,16,73,RM/CM,33,33,false
EGY,1990,Shawky,ayman-shawky,17,73,CM/RW,73,33,false
EGY,1990,Orabi,osama-orabi,18,72,CM,32,32,false
EGY,1990,Abdel Rahman,adel-abdel-rahman,19,73,ST/RW,73,9,false
EGY,1990,El-Kass,ahmed-el-kass,20,74,ST/LW,74,9,false
EGY,1990,Taher,ayman-taher,21,72,GK,0,72,false
EGY,1990,El-Batal,thabet-el-batal,22,72,GK,0,72,false
EGY,2018,El-Hadary,essam-el-hadary,1,75,GK,0,75,false
EGY,2018,Gabr,ali-gabr,2,74,CB,9,74,false
EGY,2018,Elmohamady,ahmed-elmohamady,3,76,RB/RM,34,76,false
EGY,2018,Gaber,omar-gaber,4,74,RB/RM,33,74,false
EGY,2018,Morsy,sam-morsy,5,74,CM/RM,33,33,false
EGY,2018,Hegazi,ahmed-hegazi,6,78,CB,9,78,false
EGY,2018,Fathy,ahmed-fathy,7,76,RB/CB,9,76,false
EGY,2018,Hamed,tarek-hamed,8,77,CM,35,35,false
EGY,2018,Mohsen,marwan-mohsen,9,73,ST,73,9,false
EGY,2018,Salah,mohamed-salah,10,88,RW/ST,88,11,true
EGY,2018,Kahraba,mahmoud-kahraba,11,74,LW/ST,74,9,false
EGY,2018,Ashraf,ayman-ashraf,12,72,LB/CB,9,72,false
EGY,2018,Abdel Shafy,mohamed-abdel-shafy,13,74,LB,9,74,false
EGY,2018,Sobhi,ramadan-sobhi,14,75,LW/LM,75,34,false
EGY,2018,Hamdy,mahmoud-hamdy,15,72,CB/RB,9,72,false
EGY,2018,Ekramy,sherif-ekramy,16,72,GK,0,72,false
EGY,2018,Elneny,mohamed-elneny,17,78,CM/RM,35,35,false
EGY,2018,Shikabala,shikabala,18,73,LM/LW,73,33,false
EGY,2018,El-Said,abdallah-el-said,19,76,CM,34,34,false
EGY,2018,Samir,saad-samir,20,72,CB,9,72,false
EGY,2018,Trezeguet,mahmoud-trezeguet,21,77,LW/RW,77,9,false
EGY,2018,Warda,amr-warda,22,73,RW/LM,73,33,false
EGY,2018,El-Shenawy,mohamed-el-shenawy,23,77,GK,0,77,false
ENG,1970,Banks,gordon-banks,1,89,GK,0,89,true
ENG,1970,Newton,keith-newton,2,76,RB/RM,34,76,false
ENG,1970,Cooper,terry-cooper,3,78,LB,9,78,false
ENG,1970,Mullery,alan-mullery,4,78,CM/RM,35,35,false
ENG,1970,Labone,brian-labone,5,78,CB,9,78,false
ENG,1970,Moore,bobby-moore,6,90,CB,11,90,true
ENG,1970,Lee,francis-lee,7,80,RW/ST,80,10,false
ENG,1970,Ball,alan-ball,8,83,CM/RM,37,37,false
ENG,1970,B. Charlton,bobby-charlton,9,90,CM/LM,41,41,true
ENG,1970,Hurst,geoff-hurst,10,85,ST,85,10,true
ENG,1970,Peters,martin-peters,11,83,CM/LM,37,37,false
ENG,1970,Bonetti,peter-bonetti,12,76,GK,0,76,false
ENG,1970,Stepney,alex-stepney,13,73,GK,0,73,false
ENG,1970,Wright,tommy-wright,14,73,RB/CB,9,73,false
ENG,1970,Stiles,nobby-stiles,15,78,CM/CB,35,78,false
ENG,1970,Hughes,emlyn-hughes,16,77,CM/LB,35,77,false
ENG,1970,J. Charlton,jack-charlton,17,78,CB,9,78,false
ENG,1970,Hunter,norman-hunter,18,76,CB/CM,34,76,false
ENG,1970,Bell,colin-bell,19,82,CM/RM,37,37,false
ENG,1970,Osgood,peter-osgood,20,77,ST/RW,77,9,false
ENG,1970,Clarke,allan-clarke,21,78,ST/LW,78,9,false
ENG,1970,Astle,jeff-astle,22,74,ST/LW,74,9,false
ENG,1982,Clemence,ray-clemence,1,83,GK,0,83,false
ENG,1982,Anderson,viv-anderson,2,76,RB,9,76,false
ENG,1982,Brooking,trevor-brooking,3,80,CM,36,36,false
ENG,1982,Butcher,terry-butcher,4,82,CB,10,82,false
ENG,1982,Coppell,steve-coppell,5,78,RW/CM,78,35,false
ENG,1982,Foster,steve-foster,6,74,CB,9,74,false
ENG,1982,Keegan,kevin-keegan,7,88,ST,88,11,true
ENG,1982,Francis,trevor-francis,8,84,ST/RW,84,10,false
ENG,1982,Hoddle,glenn-hoddle,9,82,CM,37,37,false
ENG,1982,McDermott,terry-mcdermott,10,77,RM/CM,35,35,false
ENG,1982,Mariner,paul-mariner,11,80,ST,80,10,false
ENG,1982,Mills,mick-mills,12,77,RB,9,77,false
ENG,1982,Corrigan,joe-corrigan,13,74,GK,0,74,false
ENG,1982,Neal,phil-neal,14,79,RB,9,79,false
ENG,1982,Rix,graham-rix,15,76,LM/CM,34,34,false
ENG,1982,Robson,bryan-robson,16,91,CM,41,41,true
ENG,1982,Sansom,kenny-sansom,17,81,LB,10,81,false
ENG,1982,Thompson,phil-thompson,18,79,CB,9,79,false
ENG,1982,Wilkins,ray-wilkins,19,82,CM,37,37,false
ENG,1982,Withe,peter-withe,20,74,ST,74,9,false
ENG,1982,Woodcock,tony-woodcock,21,77,ST/LW,77,9,false
ENG,1982,Shilton,peter-shilton,22,92,GK,0,92,true
ENG,1986,Shilton,peter-shilton,1,89,GK,0,89,true
ENG,1986,G. Stevens,gary-stevens,2,78,RB,9,78,false
ENG,1986,Sansom,kenny-sansom,3,80,LB,10,80,false
ENG,1986,Hoddle,glenn-hoddle,4,87,CM,39,39,false
ENG,1986,Martin,alvin-martin,5,74,CB/CM,33,74,false
ENG,1986,Butcher,terry-butcher,6,82,CB,10,82,false
ENG,1986,Robson,bryan-robson,7,86,CM,39,39,false
ENG,1986,Wilkins,ray-wilkins,8,80,CM,36,36,false
ENG,1986,Hateley,mark-hateley,9,76,ST,76,9,false
ENG,1986,Lineker,gary-lineker,10,92,ST,92,11,true
ENG,1986,Waddle,chris-waddle,11,83,LW/RW,83,10,false
ENG,1986,Anderson,viv-anderson,12,76,RB,9,76,false
ENG,1986,Woods,chris-woods,13,74,GK,0,74,false
ENG,1986,Fenwick,terry-fenwick,14,73,CB,9,73,false
ENG,1986,G.A. Stevens,gary-stevens-tottenham,15,72,RB/CB,9,72,false
ENG,1986,Reid,peter-reid,16,79,CM,36,36,false
ENG,1986,T. Steven,trevor-steven,17,79,RW/RM,79,36,false
ENG,1986,Hodge,steve-hodge,18,75,LM/CM,34,34,false
ENG,1986,Barnes,john-barnes,19,82,LW,82,10,false
ENG,1986,Beardsley,peter-beardsley,20,84,ST/LW,84,10,false
ENG,1986,Dixon,kerry-dixon,21,74,ST,74,9,false
ENG,1986,Bailey,gary-bailey,22,72,GK,0,72,false
ENG,1990,Shilton,peter-shilton,1,82,GK,0,82,true
ENG,1990,Stevens,gary-stevens,2,75,RB/RM,34,75,false
ENG,1990,Pearce,stuart-pearce,3,82,LB,10,82,false
ENG,1990,Webb,neil-webb,4,73,CM,33,33,false
ENG,1990,Des Walker,des-walker,5,80,CB,10,80,false
ENG,1990,Butcher,terry-butcher,6,78,CB,9,78,false
ENG,1990,Robson,bryan-robson,7,80,CM/RM,36,36,true
ENG,1990,Waddle,chris-waddle,8,84,RW/LW/LM,84,38,false
ENG,1990,Beardsley,peter-beardsley,9,82,CM/ST/RW,82,37,false
ENG,1990,Lineker,gary-lineker,10,88,ST,88,11,true
ENG,1990,Barnes,john-barnes,11,84,LW/LM,84,38,false
ENG,1990,Parker,paul-parker,12,76,RB/CB,9,76,false
ENG,1990,Woods,chris-woods,13,72,GK,0,72,false
ENG,1990,Wright,mark-wright,14,76,CB,9,76,false
ENG,1990,Dorigo,tony-dorigo,15,72,LB,9,72,false
ENG,1990,McMahon,steve-mcmahon,16,74,CM/RM,33,33,false
ENG,1990,Platt,david-platt,17,78,CM/RM,35,35,false
ENG,1990,Hodge,steve-hodge,18,72,LM/CM,32,32,false
ENG,1990,Gascoigne,paul-gascoigne,19,88,CM,40,40,true
ENG,1990,Steven,trevor-steven,20,74,RW/RM,74,33,false
ENG,1990,Bull,steve-bull,21,70,ST/LW,70,8,false
ENG,1990,Beasant,dave-beasant,22,68,GK,0,68,false
ENG,1998,Seaman,david-seaman,1,86,GK,0,86,false
ENG,1998,Campbell,sol-campbell,2,83,CB,10,83,false
ENG,1998,Le Saux,graeme-le-saux,3,79,LB,9,79,false
ENG,1998,Ince,paul-ince,4,83,CM,37,37,false
ENG,1998,Adams,tony-adams,5,85,CB,10,85,false
ENG,1998,Southgate,gareth-southgate,6,79,CB,9,79,false
ENG,1998,Beckham,david-beckham,7,86,RM/CM,39,39,true
ENG,1998,Batty,david-batty,8,78,CM,35,35,false
ENG,1998,Shearer,alan-shearer,9,88,ST,88,11,true
ENG,1998,Sheringham,teddy-sheringham,10,82,ST,82,10,false
ENG,1998,McManaman,steve-mcmanaman,11,80,LW/CM/LM,80,36,false
ENG,1998,G. Neville,gary-neville,12,81,RB,10,81,false
ENG,1998,Martyn,nigel-martyn,13,78,GK,0,78,false
ENG,1998,Anderton,darren-anderton,14,80,RW/CM,80,36,false
ENG,1998,Merson,paul-merson,15,79,CM/RW,79,36,false
ENG,1998,Scholes,paul-scholes,16,85,CM,38,38,false
ENG,1998,R. Lee,rob-lee,17,75,CM,34,34,false
ENG,1998,Keown,martin-keown,18,79,CB,9,79,false
ENG,1998,L. Ferdinand,les-ferdinand,19,79,ST,79,9,false
ENG,1998,Owen,michael-owen,20,88,ST,88,11,true
ENG,1998,R. Ferdinand,rio-ferdinand,21,79,CB,9,79,false
ENG,1998,Flowers,tim-flowers,22,74,GK,0,74,false
ENG,2006,Robinson,paul-robinson,1,82,GK,0,82,false
ENG,2006,G. Neville,gary-neville,2,82,RB,10,82,false
ENG,2006,A. Cole,ashley-cole,3,87,LB,10,87,false
ENG,2006,Gerrard,steven-gerrard,4,91,LM/CM,41,41,true
ENG,2006,Ferdinand,rio-ferdinand,5,87,CB,10,87,false
ENG,2006,Terry,john-terry,6,88,CB,11,88,false
ENG,2006,Beckham,david-beckham,7,89,RM,40,40,true
ENG,2006,Lampard,frank-lampard,8,89,CM,40,40,false
ENG,2006,Rooney,wayne-rooney,9,90,ST,90,11,true
ENG,2006,Owen,michael-owen,10,84,ST,84,10,false
ENG,2006,J. Cole,joe-cole,11,81,LW/CM,81,36,false
ENG,2006,Campbell,sol-campbell,12,83,CB,10,83,false
ENG,2006,James,david-james,13,78,GK,0,78,false
ENG,2006,Bridge,wayne-bridge,14,76,LB,9,76,false
ENG,2006,Carragher,jamie-carragher,15,82,CB,10,82,false
ENG,2006,Hargreaves,owen-hargreaves,16,80,RM/CM,36,36,false
ENG,2006,Jenas,jermaine-jenas,17,76,CM,34,34,false
ENG,2006,Carrick,michael-carrick,18,78,CM,35,35,false
ENG,2006,Lennon,aaron-lennon,19,76,RW,76,9,false
ENG,2006,Crouch,peter-crouch,21,76,ST,76,9,false
ENG,2006,Carson,scott-carson,22,72,GK,0,72,false
ENG,2006,Walcott,theo-walcott,23,73,RW/LW,73,9,false
ENG,2010,D. James,david-james,1,77,GK,0,77,false
ENG,2010,Johnson,glen-johnson,2,80,RB,10,80,false
ENG,2010,A. Cole,ashley-cole,3,87,LB,10,87,false
ENG,2010,Gerrard,steven-gerrard,4,88,LM/CM,40,40,true
ENG,2010,Dawson,michael-dawson,5,73,CB,9,73,false
ENG,2010,Terry,john-terry,6,86,CB,10,86,false
ENG,2010,Lennon,aaron-lennon,7,78,RW,78,9,false
ENG,2010,Lampard,frank-lampard,8,87,CM,39,39,true
ENG,2010,Crouch,peter-crouch,9,73,ST,73,9,false
ENG,2010,Rooney,wayne-rooney,10,88,ST,88,11,true
ENG,2010,J. Cole,joe-cole,11,80,LW/CM,80,36,false
ENG,2010,Green,robert-green,12,75,GK,0,75,false
ENG,2010,Barry,gareth-barry,14,80,CM,36,36,false
ENG,2010,Upson,matthew-upson,15,74,CB,9,74,false
ENG,2010,Milner,james-milner,16,79,RM/LM,36,36,false
ENG,2010,Wright-Phillips,shaun-wright-phillips,17,76,RW,76,9,false
ENG,2010,Carragher,jamie-carragher,18,82,CB,10,82,false
ENG,2010,Defoe,jermain-defoe,19,80,ST,80,10,false
ENG,2010,L. King,ledley-king,20,76,CB,9,76,false
ENG,2010,Heskey,emile-heskey,21,74,ST,74,9,false
ENG,2010,Carrick,michael-carrick,22,79,CM,36,36,false
ENG,2010,Hart,joe-hart,23,78,GK,0,78,false
ENG,2018,Pickford,jordan-pickford,1,78,GK,0,78,false
ENG,2018,Walker,kyle-walker,2,82,RB/CB,10,82,false
ENG,2018,Rose,danny-rose,3,76,LB,9,76,false
ENG,2018,Dier,eric-dier,4,74,CM/CB,33,74,false
ENG,2018,Stones,john-stones,5,80,CB,10,80,false
ENG,2018,Maguire,harry-maguire,6,80,CB,10,80,false
ENG,2018,Lingard,jesse-lingard,7,75,CM/RM/RW,75,34,false
ENG,2018,Henderson,jordan-henderson,8,76,CM/RM,34,34,false
ENG,2018,Kane,harry-kane,9,88,ST,88,11,false
ENG,2018,Sterling,raheem-sterling,10,84,LW/RW/ST,84,10,false
ENG,2018,Vardy,jamie-vardy,11,76,ST/LW,76,9,false
ENG,2018,Trippier,kieran-trippier,12,80,RB/RM,36,80,false
ENG,2018,Butland,jack-butland,13,74,GK,0,74,false
ENG,2018,Welbeck,danny-welbeck,14,72,ST/LW/RW,72,9,false
ENG,2018,Cahill,gary-cahill,15,74,CB,9,74,false
ENG,2018,Jones,phil-jones,16,70,CB/RB,8,70,false
ENG,2018,Delph,fabian-delph,17,72,CM/LM,32,32,false
ENG,2018,Ashley Young,ashley-young,18,74,LB/LM/LW,74,74,false
ENG,2018,Rashford,marcus-rashford,19,78,LW/ST/RW,78,9,false
ENG,2018,Dele Alli,dele-alli,20,80,CM,36,36,false
ENG,2018,Loftus-Cheek,ruben-loftus-cheek,21,72,CM/RM,32,32,false
ENG,2018,Alexander-Arnold,trent-alexander-arnold,22,74,RB/RM,33,74,false
ENG,2018,Pope,nick-pope,23,72,GK,0,72,false
ENG,2026,Pickford,jordan-pickford,1,82,GK,0,82,false
ENG,2026,Konsa,ezri-konsa,2,78,RB/CB,9,78,false
ENG,2026,O'Reilly,nico-oreilly,3,76,LB/CM,34,76,false
ENG,2026,Rice,declan-rice,4,87,CM/RM,39,39,false
ENG,2026,Stones,john-stones,5,82,CB,10,82,false
ENG,2026,Guéhi,marc-guehi,6,82,CB,10,82,false
ENG,2026,Saka,bukayo-saka,7,88,RW/LW,88,11,false
ENG,2026,Anderson,elliot-anderson,8,78,CM/RM,35,35,false
ENG,2026,Kane,harry-kane,9,90,ST,90,11,false
ENG,2026,Bellingham,jude-bellingham,10,89,CM/LM,40,40,false
ENG,2026,Rashford,marcus-rashford,11,81,LW/ST/RW,81,10,false
ENG,2026,Livramento,tino-livramento,12,76,RB/LB,9,76,false
ENG,2026,D. Henderson,dean-henderson,13,76,GK,0,76,false
ENG,2026,J. Henderson,jordan-henderson,14,74,CM/RM,33,33,false
ENG,2026,Burn,dan-burn,15,75,CB/LB,9,75,false
ENG,2026,Mainoo,kobbie-mainoo,16,79,CM/LM,36,36,false
ENG,2026,Rogers,morgan-rogers,17,78,CM/RW,78,35,false
ENG,2026,Gordon,anthony-gordon,18,78,LW/RW,78,9,false
ENG,2026,Watkins,ollie-watkins,19,80,ST/LW,80,10,false
ENG,2026,Madueke,noni-madueke,20,77,RW/LW,77,9,false
ENG,2026,Eze,eberechi-eze,21,81,CM/LW,81,36,false
ENG,2026,Toney,ivan-toney,22,77,ST/LW,77,9,false
ENG,2026,Trafford,james-trafford,23,73,GK,0,73,false
ENG,2026,James,reece-james,24,80,RB/RM,36,80,false
ENG,2026,Spence,djed-spence,25,74,LB/RB,9,74,false
ENG,2026,Quansah,jarell-quansah,26,74,CB,9,74,false
ESP,1978,Arconada,luis-arconada,1,84,GK,0,84,true
ESP,1978,De la Cruz,antonio-de-la-cruz,2,73,RB,9,73,false
ESP,1978,Uría,francisco-javier-uria,3,73,CB,9,73,false
ESP,1978,Asensi,juan-manuel-asensi,4,80,CM,36,36,false
ESP,1978,Migueli,miguel-bernardo-bianqueti,5,77,CB,9,77,false
ESP,1978,Biosca,antonio-biosca,6,72,CB,9,72,false
ESP,1978,Dani,dani-ruiz-irazoqui,7,77,LW/LM,77,35,false
ESP,1978,Juanito,juan-jose-ruiz-junto,8,79,RW/CM,79,36,false
ESP,1978,Quini,quini,9,84,ST,84,10,true
ESP,1978,Santillana,carlos-santillana,10,83,ST,83,10,false
ESP,1978,Cardeñosa,julio-cardenosa,11,79,CM,36,36,false
ESP,1978,Guzmán,antonio-guzman,12,72,CM/RM,32,32,false
ESP,1978,Miguel Ángel,miguel-angel,13,78,GK,0,78,false
ESP,1978,Leal,eugenio-leal,14,73,LM/CM,33,33,false
ESP,1978,Marañón,maranon,15,75,ST,75,9,false
ESP,1978,Olmo,antonio-olmo,16,74,RB/CB,9,74,false
ESP,1978,Marcelino,marcelino-garcia-toral,17,73,CB/LB,9,73,false
ESP,1978,Pirri,pirri,18,82,CB/CM,37,82,false
ESP,1978,Rexach,carles-rexach,19,79,LW/CM,79,36,false
ESP,1978,R. Cano,ruben-cano,20,76,ST,76,9,false
ESP,1978,San José,isidoro-san-jose,21,74,CB/RM,33,74,false
ESP,1978,Urruti,francisco-urruti,22,72,GK,0,72,false
ESP,1986,Zubizarreta,andoni-zubizarreta,1,88,GK,0,88,true
ESP,1986,Tomás,tomas-renones,2,72,RB,9,72,false
ESP,1986,Camacho,jose-antonio-camacho,3,82,LB/CB,10,82,false
ESP,1986,Maceda,antonio-maceda,4,78,CB,9,78,false
ESP,1986,V. Muñoz,victor-munoz,5,79,CM,36,36,false
ESP,1986,Gordillo,rafael-gordillo,6,83,LB,10,83,false
ESP,1986,Señor,juan-antonio-senor,7,78,CM/RW,78,35,false
ESP,1986,Goikoetxea,andoni-goikoetxea,8,79,CB,9,79,false
ESP,1986,Butragueño,emilio-butragueno,9,90,ST,90,11,true
ESP,1986,Carrasco,francisco-jose-carrasco,10,79,CM/LW,79,36,false
ESP,1986,Julio Alberto,julio-alberto,11,78,RB/CB,9,78,false
ESP,1986,Setién,quique-setien,12,74,CM,33,33,false
ESP,1986,Urruti,javier-urruticoechea,13,76,GK,0,76,false
ESP,1986,Gallego,ricardo-gallego,14,77,CM/LM,35,35,false
ESP,1986,Chendo,chendo,15,75,RB,9,75,false
ESP,1986,Rincón,hipolito-rincon,16,76,ST/LW,76,9,false
ESP,1986,Francisco,francisco-lopez-alfaro,17,76,CM/RM,34,34,false
ESP,1986,Calderé,ramon-caldere,18,77,CM,35,35,false
ESP,1986,Salinas,julio-salinas,19,77,ST,77,9,false
ESP,1986,Eloy,eloy,20,75,ST,75,9,false
ESP,1986,Michel,michel,21,86,CM/RW,86,39,false
ESP,1986,Ablanedo,juan-carlos-ablanedo,22,70,GK,0,70,false
ESP,2002,Casillas,iker-casillas,1,85,GK,0,85,false
ESP,2002,Curro Torres,curro-torres,2,72,RB/RM,32,72,false
ESP,2002,Juanfran,juanfran-garcia,3,72,LB/LM,32,72,false
ESP,2002,Helguera,ivan-helguera,4,80,CB/CM,36,80,false
ESP,2002,Puyol,carles-puyol,5,82,CB/RB,10,82,false
ESP,2002,Hierro,fernando-hierro,6,84,CB/CM,38,84,false
ESP,2002,Raúl,raul-gonzalez,7,89,ST/LW,89,11,true
ESP,2002,Baraja,ruben-baraja,8,78,CM,35,35,false
ESP,2002,Morientes,fernando-morientes,9,84,ST,84,10,false
ESP,2002,Tristán,diego-tristan,10,77,ST/RW,77,9,false
ESP,2002,De Pedro,javier-de-pedro,11,74,LM/LW,74,33,false
ESP,2002,Luque,albert-luque,12,73,LW/ST,73,9,false
ESP,2002,Ricardo,ricardo-lopez,13,70,GK,0,70,false
ESP,2002,Albelda,david-albelda,14,76,CM,34,34,false
ESP,2002,Romero,enrique-romero,15,70,LB/LM,32,70,false
ESP,2002,Mendieta,gaizka-mendieta,16,81,RM/CM/RW,81,36,false
ESP,2002,Valerón,juan-carlos-valeron,17,80,CM/RM,36,36,false
ESP,2002,Sergio,sergio-gonzalez,18,73,CM/RM,33,33,false
ESP,2002,Xavi,xavi-hernandez,19,78,CM,35,35,false
ESP,2002,Nadal,miguel-angel-nadal,20,76,CB,9,76,false
ESP,2002,Luis Enrique,luis-enrique,21,79,RM/CM/RW,79,36,false
ESP,2002,Joaquín,joaquin-sanchez,22,75,RW/RM,75,34,false
ESP,2002,Contreras,pedro-contreras,23,68,GK,0,68,false
ESP,2010,Casillas,iker-casillas,1,91,GK,0,91,true
ESP,2010,Albiol,raul-albiol,2,76,CB,9,76,false
ESP,2010,Piqué,gerard-pique,3,86,CB,10,86,false
ESP,2010,Marchena,carlos-marchena,4,76,CB/CM,34,76,false
ESP,2010,Puyol,carles-puyol,5,87,CB/RB,10,87,true
ESP,2010,Iniesta,andres-iniesta,6,91,CM/LM,41,41,true
ESP,2010,Villa,david-villa,7,89,ST/LW,89,11,false
ESP,2010,Xavi,xavi-hernandez,8,92,CM,41,41,true
ESP,2010,Torres,fernando-torres,9,83,ST,83,10,false
ESP,2010,Fàbregas,cesc-fabregas,10,84,CM/RM,38,38,false
ESP,2010,Capdevila,joan-capdevila,11,78,LB/LM,35,78,false
ESP,2010,Valdés,victor-valdes,12,80,GK,0,80,false
ESP,2010,Mata,juan-mata,13,78,LM/CM/LW,78,35,false
ESP,2010,Xabi Alonso,xabi-alonso,14,86,CM,39,39,false
ESP,2010,Ramos,sergio-ramos,15,87,RB/CB/RM,39,87,true
ESP,2010,Busquets,sergio-busquets,16,84,CM,38,38,false
ESP,2010,Arbeloa,alvaro-arbeloa,17,76,RB/RM,34,76,false
ESP,2010,Pedro,pedro-rodriguez,18,80,RW/LW/ST,80,10,false
ESP,2010,Llorente,fernando-llorente,19,78,ST,78,9,false
ESP,2010,Javi Martínez,javi-martinez,20,75,CM/CB,34,75,false
ESP,2010,Silva,david-silva,21,85,RM/CM/RW,85,38,false
ESP,2010,Navas,jesus-navas,22,77,RW/RM,77,35,false
ESP,2010,Reina,pepe-reina,23,80,GK,0,80,false
ESP,2018,De Gea,david-de-gea,1,92,GK,0,92,true
ESP,2018,Carvajal,dani-carvajal,2,85,RB,10,85,false
ESP,2018,Piqué,gerard-pique,3,88,CB,11,88,false
ESP,2018,Nacho,nacho-fernandez,4,82,CB/RB,10,82,false
ESP,2018,Busquets,sergio-busquets,5,90,CM,41,41,false
ESP,2018,Iniesta,andres-iniesta,6,91,CM,41,41,true
ESP,2018,Saúl,saul-niguez,7,80,CM/LM,36,36,false
ESP,2018,Koke,koke,8,83,CM/RM,37,37,false
ESP,2018,Rodrigo,rodrigo-moreno,9,80,ST,80,10,false
ESP,2018,Thiago,thiago-alcantara,10,86,CM,39,39,false
ESP,2018,L. Vázquez,lucas-vazquez,11,79,RW,79,9,false
ESP,2018,Kepa,kepa-arrizabalaga,13,76,GK,0,76,false
ESP,2018,Azpilicueta,cesar-azpilicueta,14,83,RB/CB,10,83,false
ESP,2018,Ramos,sergio-ramos,15,91,CB,11,91,true
ESP,2018,Monreal,nacho-monreal,16,79,LB,9,79,false
ESP,2018,Aspas,iago-aspas,17,81,ST/LW,81,10,false
ESP,2018,J. Alba,jordi-alba,18,87,LB,10,87,false
ESP,2018,D. Costa,diego-costa,19,85,ST,85,10,false
ESP,2018,Asensio,marco-asensio,20,84,RW/CM,84,38,false
ESP,2018,D. Silva,david-silva,21,89,CM,40,40,false
ESP,2018,Isco,isco,22,86,CM,39,39,false
ESP,2018,S. Rico,sergio-rico,23,74,GK,0,74,false
ESP,2026,Raya,david-raya,1,83,GK,0,83,false
ESP,2026,Pubill,marc-pubill,2,74,CB/RB,9,74,false
ESP,2026,Grimaldo,alejandro-grimaldo,3,82,LB/LM,37,82,false
ESP,2026,Eric García,eric-garcia,4,79,CB/CM,36,79,false
ESP,2026,Llorente,marcos-llorente,5,82,RB/RM,37,82,false
ESP,2026,Merino,mikel-merino,6,83,CM/RM,37,37,false
ESP,2026,Ferran,ferran-torres,7,83,ST/LW,83,10,false
ESP,2026,Fabián,fabian-ruiz,8,85,CM/LM,38,38,false
ESP,2026,Gavi,gavi,9,84,CM/RM,38,38,false
ESP,2026,Olmo,dani-olmo,10,85,LW/CM,85,38,false
ESP,2026,Yeremy,yeremy-pino,11,79,RW/ST,79,9,false
ESP,2026,Porro,pedro-porro,12,80,RB/RM,36,80,false
ESP,2026,Joan García,joan-garcia,13,78,GK,0,78,false
ESP,2026,Laporte,aymeric-laporte,14,83,CB,10,83,false
ESP,2026,Baena,alex-baena,15,81,CM/LM,36,36,false
ESP,2026,Rodri,rodri,16,92,CM,41,41,true
ESP,2026,Nico Williams,nico-williams,17,86,LW/ST,86,10,false
ESP,2026,Zubimendi,martin-zubimendi,18,83,CM,37,37,false
ESP,2026,Lamine Yamal,lamine-yamal,19,91,RW/ST,91,11,true
ESP,2026,Pedri,pedri,20,89,CM,40,40,false
ESP,2026,Oyarzabal,mikel-oyarzabal,21,83,ST/LW,83,10,false
ESP,2026,Cubarsí,pau-cubarsi,22,83,CB,10,83,false
ESP,2026,Simón,unai-simon,23,83,GK,0,83,false
ESP,2026,Cucurella,marc-cucurella,24,83,LB/LM,37,83,false
ESP,2026,Víctor Muñoz,victor-munoz,25,72,ST/LW,72,9,false
ESP,2026,Borja Iglesias,borja-iglesias,26,74,ST,74,9,false
FRA,1978,Baratelli,dominique-baratelli,1,74,GK,0,74,false
FRA,1978,Battiston,patrick-battiston,2,75,CB,9,75,false
FRA,1978,Bossis,maxime-bossis,3,79,CB/LB,9,79,false
FRA,1978,Janvion,gerard-janvion,4,76,RB,9,76,false
FRA,1978,Bracci,francois-bracci,5,73,CB,9,73,false
FRA,1978,Lopez,christian-lopez,6,77,CB,9,77,false
FRA,1978,Rio,patrice-rio,7,74,CB,9,74,false
FRA,1978,Trésor,marius-tresor,8,84,CB/LB,10,84,true
FRA,1978,Bathenay,dominique-bathenay,9,76,CM/RM,34,34,false
FRA,1978,Guillou,jean-marc-guillou,10,75,CM,34,34,false
FRA,1978,H. Michel,henri-michel,11,77,RM/CM,35,35,false
FRA,1978,Papi,claude-papi,12,71,CM,32,32,false
FRA,1978,Petit,jean-petit,13,71,CM/RM,32,32,false
FRA,1978,Berdoll,marc-berdoll,14,73,ST,73,9,false
FRA,1978,Platini,michel-platini,15,86,CM,39,39,true
FRA,1978,Dalger,christian-dalger,16,74,ST/LM,74,33,false
FRA,1978,Lacombe,bernard-lacombe,17,80,ST,80,10,false
FRA,1978,Rocheteau,dominique-rocheteau,18,83,RW/LW,83,10,false
FRA,1978,Six,didier-six,19,78,LW/RW,78,9,false
FRA,1978,Rouyer,olivier-rouyer,20,74,ST/LW,74,9,false
FRA,1978,Bertrand-Demanes,jean-paul-bertrand-demanes,21,73,GK,0,73,false
FRA,1978,Dropsy,dominique-dropsy,22,70,GK,0,70,false
FRA,1982,Baratelli,dominique-baratelli,1,74,GK,0,74,false
FRA,1982,Amoros,manuel-amoros,2,81,RB/LB,10,81,false
FRA,1982,Battiston,patrick-battiston,3,80,CB/RB,10,80,false
FRA,1982,Bossis,maxime-bossis,4,83,CB/LB,10,83,false
FRA,1982,Janvion,gerard-janvion,5,75,RB,9,75,false
FRA,1982,Lopez,christian-lopez,6,77,CB,9,77,false
FRA,1982,Mahut,philippe-mahut,7,72,RB/CB,9,72,false
FRA,1982,Trésor,marius-tresor,8,86,CB/LB,10,86,true
FRA,1982,Genghini,bernard-genghini,9,78,LM/CM,35,35,false
FRA,1982,Platini,michel-platini,10,97,CM,44,44,true
FRA,1982,Girard,rene-girard,11,75,RM/CM,34,34,false
FRA,1982,Giresse,alain-giresse,12,88,CM,40,40,true
FRA,1982,Larios,jean-francois-larios,13,74,RW/LM,74,33,false
FRA,1982,Tigana,jean-tigana,14,87,RM/CM,39,39,false
FRA,1982,Bellone,bruno-bellone,15,76,LW/ST,76,9,false
FRA,1982,Couriol,alain-couriol,16,73,LW/RW,73,9,false
FRA,1982,Lacombe,bernard-lacombe,17,78,ST,78,9,false
FRA,1982,Rocheteau,dominique-rocheteau,18,85,RW/LW,85,10,false
FRA,1982,Six,didier-six,19,80,LW,80,10,false
FRA,1982,Soler,gerard-soler,20,74,RW/ST,74,9,false
FRA,1982,Castaneda,jean-castaneda,21,73,GK,0,73,false
FRA,1982,Ettori,jean-luc-ettori,22,80,GK,0,80,false
FRA,1986,Bats,joel-bats,1,82,GK,0,82,false
FRA,1986,Amoros,manuel-amoros,2,84,RB/RM,38,84,false
FRA,1986,Ayache,william-ayache,3,76,RB/CB,9,76,false
FRA,1986,Battiston,patrick-battiston,4,81,CB/RB,10,81,false
FRA,1986,Bibard,michel-bibard,5,72,CB/RB,9,72,false
FRA,1986,Bossis,maxime-bossis,6,82,CB/LB,10,82,false
FRA,1986,Le Roux,yvon-le-roux,7,79,CB,9,79,false
FRA,1986,Tusseau,thierry-tusseau,8,76,LB/CB,9,76,false
FRA,1986,Luis Fernandez,luis-fernandez,9,83,CM/RM,37,37,false
FRA,1986,Platini,michel-platini,10,94,CM/RM,42,42,true
FRA,1986,Ferreri,jean-marc-ferreri,11,74,RM/CM,33,33,false
FRA,1986,Giresse,alain-giresse,12,85,CM/LM,38,38,false
FRA,1986,Genghini,bernard-genghini,13,75,LM/CM,34,34,false
FRA,1986,Tigana,jean-tigana,14,87,CM/RM,39,39,false
FRA,1986,Vercruysse,philippe-vercruysse,15,72,CM/LM,32,32,false
FRA,1986,Bellone,bruno-bellone,16,76,LW/ST,76,9,false
FRA,1986,Papin,jean-pierre-papin,17,78,ST/RW,78,9,false
FRA,1986,Rocheteau,dominique-rocheteau,18,80,RW/LW/ST,80,10,false
FRA,1986,Stopyra,yannick-stopyra,19,77,ST,77,9,false
FRA,1986,Xuereb,daniel-xuereb,20,72,ST/RW,72,9,false
FRA,1986,Rust,albert-rust,22,72,GK,0,72,false
FRA,1998,Lama,bernard-lama,1,78,GK,0,78,false
FRA,1998,Candela,vincent-candela,2,79,LB/CB,9,79,false
FRA,1998,Lizarazu,bixente-lizarazu,3,87,LB,10,87,false
FRA,1998,Vieira,patrick-vieira,4,84,CM/RM,38,38,false
FRA,1998,Blanc,laurent-blanc,5,86,CB,10,86,false
FRA,1998,Djorkaeff,youri-djorkaeff,6,84,CM/LM/ST,84,38,false
FRA,1998,Deschamps,didier-deschamps,7,85,CM/RM,38,38,false
FRA,1998,Desailly,marcel-desailly,8,88,CB/CM,40,88,true
FRA,1998,Guivarc'h,stephane-guivarc-h,9,74,ST,74,9,false
FRA,1998,Zidane,zinedine-zidane,10,95,CM,43,43,true
FRA,1998,Pires,robert-pires,11,80,LM/LW/CM,80,36,false
FRA,1998,Henry,thierry-henry,12,83,RW/LW/ST,83,10,true
FRA,1998,Diomède,bernard-diomede,13,74,LW/LM,74,33,false
FRA,1998,Boghossian,alain-boghossian,14,78,CM/RM,35,35,false
FRA,1998,Thuram,lilian-thuram,15,88,RB/CB,11,88,false
FRA,1998,Barthez,fabien-barthez,16,88,GK,0,88,false
FRA,1998,Petit,emmanuel-petit,17,85,CM/RM/CB,38,85,false
FRA,1998,Leboeuf,frank-leboeuf,18,80,CB,10,80,false
FRA,1998,Karembeu,christian-karembeu,19,79,RM/CM/RB,36,79,false
FRA,1998,Trezeguet,david-trezeguet,20,80,ST,80,10,false
FRA,1998,Dugarry,christophe-dugarry,21,78,ST/RW,78,9,false
FRA,1998,Charbonnier,lionel-charbonnier,22,70,GK,0,70,false
FRA,2002,Ramé,ulrich-rame,1,76,GK,0,76,false
FRA,2002,Candela,vincent-candela,2,78,RB,9,78,false
FRA,2002,Lizarazu,bixente-lizarazu,3,85,LB,10,85,false
FRA,2002,Vieira,patrick-vieira,4,90,CM,41,41,true
FRA,2002,Christanval,philippe-christanval,5,72,CB,9,72,false
FRA,2002,Djorkaeff,youri-djorkaeff,6,82,LW/CM,82,37,false
FRA,2002,Makélélé,claude-makelele,7,87,CM/RM,39,39,false
FRA,2002,Desailly,marcel-desailly,8,87,CB,10,87,false
FRA,2002,Cissé,djibril-cisse,9,77,ST,77,9,false
FRA,2002,Zidane,zinedine-zidane,10,95,CM,43,43,true
FRA,2002,Wiltord,sylvain-wiltord,11,83,LW/ST,83,10,false
FRA,2002,Henry,thierry-henry,12,92,ST/LW,92,11,true
FRA,2002,Silvestre,mikael-silvestre,13,80,LB/CB,10,80,false
FRA,2002,Boghossian,alain-boghossian,14,75,CM/RM,34,34,false
FRA,2002,Thuram,lilian-thuram,15,88,RB/CB,11,88,false
FRA,2002,Barthez,fabien-barthez,16,88,GK,0,88,false
FRA,2002,Petit,emmanuel-petit,17,82,LM/CM,37,37,false
FRA,2002,Leboeuf,frank-leboeuf,18,80,CB,10,80,false
FRA,2002,Sagnol,willy-sagnol,19,79,RB,9,79,false
FRA,2002,Trezeguet,david-trezeguet,20,86,ST,86,10,false
FRA,2002,Dugarry,christophe-dugarry,21,79,ST/LW,79,9,false
FRA,2002,Micoud,johan-micoud,22,76,CM/RW,76,34,false
FRA,2006,Landreau,mickael-landreau,1,76,GK,0,76,false
FRA,2006,Boumsong,jean-alain-boumsong,2,78,CB,9,78,false
FRA,2006,Abidal,eric-abidal,3,82,LB/CB,10,82,false
FRA,2006,Vieira,patrick-vieira,4,84,CM/RM,38,38,false
FRA,2006,Gallas,william-gallas,5,83,CB/RB,10,83,false
FRA,2006,Makélélé,claude-makelele,6,85,CM/RM,38,38,false
FRA,2006,Malouda,florent-malouda,7,81,LM/LW/CM,81,36,false
FRA,2006,Dhorasoo,vikash-dhorasoo,8,74,CM/RM,33,33,false
FRA,2006,Govou,sidney-govou,9,77,RW/ST,77,9,false
FRA,2006,Zidane,zinedine-zidane,10,91,CM,41,41,true
FRA,2006,Wiltord,sylvain-wiltord,11,76,RW/ST/LW,76,9,false
FRA,2006,Henry,thierry-henry,12,90,ST/LW,90,11,true
FRA,2006,Silvestre,mikael-silvestre,13,78,CB/LB,9,78,false
FRA,2006,Saha,louis-saha,14,78,ST/RW,78,9,false
FRA,2006,Thuram,lilian-thuram,15,84,CB/RB,10,84,false
FRA,2006,Barthez,fabien-barthez,16,80,GK,0,80,false
FRA,2006,Givet,gael-givet,17,75,CB/LB,9,75,false
FRA,2006,Diarra,alou-diarra,18,76,CM/RM,34,34,false
FRA,2006,Sagnol,willy-sagnol,19,83,RB/RM,37,83,false
FRA,2006,Trezeguet,david-trezeguet,20,83,ST,83,10,false
FRA,2006,Chimbonda,pascal-chimbonda,21,75,RB/RM,34,75,false
FRA,2006,Ribéry,franck-ribery,22,80,LW/LM/RW,80,36,false
FRA,2006,Coupet,gregory-coupet,23,81,GK,0,81,false
FRA,2014,Lloris,hugo-lloris,1,88,GK,0,88,true
FRA,2014,Debuchy,mathieu-debuchy,2,78,RB,9,78,false
FRA,2014,Evra,patrice-evra,3,82,LB,10,82,false
FRA,2014,Varane,raphael-varane,4,85,CB,10,85,false
FRA,2014,Sakho,mamadou-sakho,5,79,CB,9,79,false
FRA,2014,Cabaye,yohan-cabaye,6,82,CM,37,37,false
FRA,2014,Valbuena,mathieu-valbuena,8,80,LM/RW,80,36,false
FRA,2014,Giroud,olivier-giroud,9,82,ST,82,10,false
FRA,2014,Benzema,karim-benzema,10,88,ST,88,11,true
FRA,2014,Griezmann,antoine-griezmann,11,82,LW/ST,82,10,false
FRA,2014,Mavuba,rio-mavuba,12,75,CM,34,34,false
FRA,2014,Mangala,eliaquim-mangala,13,77,CB,9,77,false
FRA,2014,Matuidi,blaise-matuidi,14,83,CM,37,37,false
FRA,2014,Sagna,bacary-sagna,15,79,RB,9,79,false
FRA,2014,Ruffier,stephane-ruffier,16,74,GK,0,74,false
FRA,2014,Digne,lucas-digne,17,73,LB,9,73,false
FRA,2014,Sissoko,moussa-sissoko,18,79,CM/RM,36,36,false
FRA,2014,Pogba,paul-pogba,19,86,CM,39,39,false
FRA,2014,Rémy,loic-remy,20,78,ST,78,9,false
FRA,2014,Koscielny,laurent-koscielny,21,81,CB,10,81,false
FRA,2014,Schneiderlin,morgan-schneiderlin,22,78,CM,35,35,false
FRA,2014,Landreau,mickael-landreau,23,72,GK,0,72,false
FRA,2018,Lloris,hugo-lloris,1,86,GK,0,86,false
FRA,2018,Pavard,benjamin-pavard,2,81,RB/CB,10,81,false
FRA,2018,Kimpembe,presnel-kimpembe,3,78,CB,9,78,false
FRA,2018,Varane,raphael-varane,4,89,CB,11,89,false
FRA,2018,Umtiti,samuel-umtiti,5,85,CB,10,85,false
FRA,2018,Pogba,paul-pogba,6,87,CM/RM,39,39,false
FRA,2018,Griezmann,antoine-griezmann,7,90,ST/LM/CM,90,41,false
FRA,2018,Lemar,thomas-lemar,8,78,LM/LW/CM,78,35,false
FRA,2018,Giroud,olivier-giroud,9,82,ST,82,10,false
FRA,2018,Mbappé,kylian-mbappe,10,88,RW/ST/LW,88,11,true
FRA,2018,Dembélé,ousmane-dembele,11,79,RW/LW,79,9,false
FRA,2018,Tolisso,corentin-tolisso,12,79,CM/RM,36,36,false
FRA,2018,Kanté,ngolo-kante,13,91,CM/RM,41,41,false
FRA,2018,Matuidi,blaise-matuidi,14,82,LM/CM,37,37,false
FRA,2018,Nzonzi,steven-nzonzi,15,77,CM/RM,35,35,false
FRA,2018,Mandanda,steve-mandanda,16,77,GK,0,77,false
FRA,2018,Rami,adil-rami,17,75,CB,9,75,false
FRA,2018,Fekir,nabil-fekir,18,79,CM/ST/LW,79,36,false
FRA,2018,Sidibé,djibril-sidibe,19,78,RB/RM,35,78,false
FRA,2018,Thauvin,florian-thauvin,20,77,RW/LM,77,35,false
FRA,2018,Lucas Hernandez,lucas-hernandez,21,82,LB/CB,10,82,false
FRA,2018,Mendy,benjamin-mendy,22,77,LB,9,77,false
FRA,2018,Areola,alphonse-areola,23,73,GK,0,73,false
FRA,2022,Lloris,hugo-lloris,1,84,GK,0,84,false
FRA,2022,Pavard,benjamin-pavard,2,82,RB/CB,10,82,false
FRA,2022,Disasi,axel-disasi,3,76,CB/RB,9,76,false
FRA,2022,Varane,raphael-varane,4,85,CB,10,85,false
FRA,2022,Koundé,jules-kounde,5,82,RB/CB,10,82,false
FRA,2022,Guendouzi,matteo-guendouzi,6,76,CM/RM,34,34,false
FRA,2022,Griezmann,antoine-griezmann,7,88,CM/ST/LM,88,40,false
FRA,2022,Tchouaméni,aurelien-tchouameni,8,84,CM/RM/CB,38,84,false
FRA,2022,Giroud,olivier-giroud,9,82,ST,82,10,false
FRA,2022,Mbappé,kylian-mbappe,10,94,LW/ST/RW,94,11,true
FRA,2022,Dembélé,ousmane-dembele,11,83,RW/LW,83,10,false
FRA,2022,Kolo Muani,randal-kolo-muani,12,79,ST/LW,79,9,false
FRA,2022,Fofana,youssouf-fofana,13,76,CM/RM,34,34,false
FRA,2022,Rabiot,adrien-rabiot,14,82,LM/CM,37,37,false
FRA,2022,Veretout,jordan-veretout,15,74,CM/RM,33,33,false
FRA,2022,Mandanda,steve-mandanda,16,73,GK,0,73,false
FRA,2022,Saliba,william-saliba,17,81,CB,10,81,false
FRA,2022,Upamecano,dayot-upamecano,18,82,CB,10,82,false
FRA,2022,Benzema,karim-benzema,19,89,ST,89,11,false
FRA,2022,Coman,kingsley-coman,20,81,LW/RW/LM,81,36,false
FRA,2022,Lucas Hernandez,lucas-hernandez,21,80,LB/CB,10,80,false
FRA,2022,Theo Hernandez,theo-hernandez,22,84,LB/LM,38,84,false
FRA,2022,Areola,alphonse-areola,23,75,GK,0,75,false
FRA,2022,Konaté,ibrahima-konate,24,80,CB,10,80,false
FRA,2022,Camavinga,eduardo-camavinga,25,81,CM/LM/RM,36,36,false
FRA,2022,Marcus Thuram,marcus-thuram,26,78,ST/LW,78,9,false
FRA,2026,Samba,brice-samba,1,79,GK,0,79,false
FRA,2026,Gusto,malo-gusto,2,80,RB/RM,36,80,false
FRA,2026,Digne,lucas-digne,3,80,LB/CB,10,80,false
FRA,2026,Upamecano,dayot-upamecano,4,85,CB,10,85,false
FRA,2026,Koundé,jules-kounde,5,85,RB/CB,10,85,false
FRA,2026,Koné,manu-kone,6,81,CM/RM,36,36,false
FRA,2026,Dembélé,ousmane-dembele,7,90,RW/LW/ST,90,11,false
FRA,2026,Tchouaméni,aurelien-tchouameni,8,86,CM/RM/CB,39,86,false
FRA,2026,Marcus Thuram,marcus-thuram,9,82,ST/LW,82,10,false
FRA,2026,Mbappé,kylian-mbappe,10,94,ST/LW/RW,94,11,true
FRA,2026,Olise,michael-olise,11,85,RW/LM/CM,85,38,false
FRA,2026,Barcola,bradley-barcola,12,82,LW/RW/ST,82,10,false
FRA,2026,Kanté,ngolo-kante,13,85,CM/RM,38,38,false
FRA,2026,Rabiot,adrien-rabiot,14,83,LM/CM,37,37,false
FRA,2026,Konaté,ibrahima-konate,15,84,CB,10,84,false
FRA,2026,Maignan,mike-maignan,16,86,GK,0,86,false
FRA,2026,Saliba,william-saliba,17,87,CB,10,87,false
FRA,2026,Zaïre-Emery,warren-zaire-emery,18,81,CM/RM,36,36,false
FRA,2026,Theo Hernandez,theo-hernandez,19,83,LB/LM,37,83,false
FRA,2026,Doué,desire-doue,20,83,RW/LW/CM,83,37,false
FRA,2026,Lucas Hernandez,lucas-hernandez,21,79,LB/CB,9,79,false
FRA,2026,Mateta,jean-philippe-mateta,22,78,ST,78,9,false
FRA,2026,Risser,robin-risser,23,71,GK,0,71,false
FRA,2026,Cherki,rayan-cherki,24,81,CM/RW/LM,81,36,false
FRA,2026,Akliouche,maghnes-akliouche,25,79,CM/RW/LM,79,36,false
FRA,2026,Lacroix,maxence-lacroix,26,77,CB/RB,9,77,false
GER,1970,Maier,sepp-maier,1,89,GK,0,89,true
GER,1970,Höttges,horst-dieter-hottges,2,78,RB/CB,9,78,false
GER,1970,Schnellinger,karl-heinz-schnellinger,3,83,CB/LB,10,83,false
GER,1970,Beckenbauer,franz-beckenbauer,4,96,CB/CM,43,96,true
GER,1970,Schulz,willi-schulz,5,80,CB,10,80,false
GER,1970,Weber,wolfgang-weber,6,78,CB/RM,35,78,false
GER,1970,Vogts,berti-vogts,7,84,RB/CB,10,84,false
GER,1970,Haller,helmut-haller,8,83,CM/RM/RW,83,37,false
GER,1970,Seeler,uwe-seeler,9,90,ST,90,11,true
GER,1970,Held,sigfried-held,10,80,ST/LW/RW,80,10,false
GER,1970,Fichtel,klaus-fichtel,11,76,CB/CM,34,76,false
GER,1970,Overath,wolfgang-overath,12,85,CM/LM,38,38,false
GER,1970,Müller,gerd-muller,13,94,ST,94,11,true
GER,1970,Libuda,reinhard-libuda,14,81,RW/LM,81,36,false
GER,1970,Patzke,bernd-patzke,15,72,RB/CB,9,72,false
GER,1970,Lorenz,max-lorenz,16,74,CM/CB/RM,33,74,false
GER,1970,Löhr,hannes-lohr,17,78,LW/ST/LM,78,35,false
GER,1970,Sieloff,klaus-dieter-sieloff,18,73,CB/LB,9,73,false
GER,1970,Dietrich,peter-dietrich,19,72,CM/RM,32,32,false
GER,1970,Grabowski,jurgen-grabowski,20,82,RW/LM/CM,82,37,false
GER,1970,Manglitz,manfred-manglitz,21,71,GK,0,71,false
GER,1970,Wolter,horst-wolter,22,70,GK,0,70,false
GER,1974,Maier,sepp-maier,1,91,GK,0,91,true
GER,1974,Vogts,berti-vogts,2,86,RB/CB,10,86,false
GER,1974,Breitner,paul-breitner,3,88,LB/CM/LM,40,88,false
GER,1974,Schwarzenbeck,hans-georg-schwarzenbeck,4,82,CB,10,82,false
GER,1974,Beckenbauer,franz-beckenbauer,5,97,CB/CM,44,97,true
GER,1974,Höttges,horst-dieter-hottges,6,76,RB/CB,9,76,false
GER,1974,Wimmer,herbert-wimmer,7,78,CM/RM,35,35,false
GER,1974,Cullmann,bernhard-cullmann,8,76,CM/LM/LB,34,76,false
GER,1974,Grabowski,jurgen-grabowski,9,82,RW/RM/CM,82,37,false
GER,1974,Netzer,gunter-netzer,10,80,CM,36,36,false
GER,1974,Heynckes,jupp-heynckes,11,80,ST/LW,80,10,false
GER,1974,Overath,wolfgang-overath,12,83,CM/LM,37,37,false
GER,1974,Müller,gerd-muller,13,96,ST,96,12,true
GER,1974,Hoeneß,uli-hoeness,14,83,RW/ST/CM,83,37,false
GER,1974,Flohe,heinz-flohe,15,76,CM/RM,34,34,false
GER,1974,Bonhof,rainer-bonhof,16,83,CM/RM,37,37,false
GER,1974,Hölzenbein,bernd-holzenbein,17,80,LW/LM/ST,80,36,false
GER,1974,Herzog,dieter-herzog,18,72,LW/LM,72,32,false
GER,1974,Kapellmann,jupp-kapellmann,19,73,CB/RM,33,73,false
GER,1974,Kremers,helmut-kremers,20,72,LB/CB,9,72,false
GER,1974,Nigbur,norbert-nigbur,21,71,GK,0,71,false
GER,1974,Kleff,wolfgang-kleff,22,70,GK,0,70,false
GER,1982,Schumacher,harald-schumacher,1,87,GK,0,87,false
GER,1982,Briegel,hans-peter-briegel,2,84,LB/CB/RM,38,84,false
GER,1982,Breitner,paul-breitner,3,85,CM/LB/LM,38,85,false
GER,1982,K.-H. Förster,karlheinz-forster,4,83,CB,10,83,false
GER,1982,B. Förster,bernd-forster,5,79,CB/RB,9,79,false
GER,1982,Dremmler,wolfgang-dremmler,6,76,CM/RM,34,34,false
GER,1982,Littbarski,pierre-littbarski,7,84,LW/LM/RW,84,38,false
GER,1982,Fischer,klaus-fischer,8,82,ST,82,10,false
GER,1982,Hrubesch,horst-hrubesch,9,81,ST,81,10,false
GER,1982,H. Müller,hansi-muller,10,80,CM/LM/RM,36,36,false
GER,1982,Rummenigge,karl-heinz-rummenigge,11,92,ST/RW,92,11,true
GER,1982,Hannes,wilfried-hannes,12,73,CB,9,73,false
GER,1982,Reinders,uwe-reinders,13,74,RW/ST/RM,74,33,false
GER,1982,Magath,felix-magath,14,82,CM/RM,37,37,false
GER,1982,Stielike,uli-stielike,15,83,CM/CB,37,83,false
GER,1982,Allofs,thomas-allofs,16,73,ST/RW,73,9,false
GER,1982,Engels,stephan-engels,17,73,CM/LM,33,33,false
GER,1982,Matthäus,lothar-matthaus,18,80,CM/RM,36,36,true
GER,1982,Hieronymus,holger-hieronymus,19,72,CB/LB,9,72,false
GER,1982,Kaltz,manfred-kaltz,20,82,RB/RM,37,82,false
GER,1982,Franke,bernd-franke,21,70,GK,0,70,false
GER,1982,Immel,eike-immel,22,71,GK,0,71,false
GER,1986,Schumacher,harald-schumacher,1,86,GK,0,86,false
GER,1986,Briegel,hans-peter-briegel,2,83,LB/CB/RM,37,83,false
GER,1986,Brehme,andreas-brehme,3,86,LB/RB/LM,39,86,false
GER,1986,Förster,karlheinz-forster,4,83,CB,10,83,false
GER,1986,Herget,matthias-herget,5,78,CB/RM,35,78,false
GER,1986,Eder,norbert-eder,6,75,CB/LB,9,75,false
GER,1986,Littbarski,pierre-littbarski,7,84,RW/LW/LM,84,38,false
GER,1986,Matthäus,lothar-matthaus,8,89,CM/RM,40,40,true
GER,1986,Völler,rudi-voller,9,87,ST/LW,87,10,true
GER,1986,Magath,felix-magath,10,81,CM/RM,36,36,false
GER,1986,Rummenigge,karl-heinz-rummenigge,11,88,ST/RW,88,11,true
GER,1986,Stein,uli-stein,12,72,GK,0,72,false
GER,1986,Allgöwer,karl-allgower,13,74,CM/LM,33,33,false
GER,1986,Berthold,thomas-berthold,14,80,RB/CB/RM,36,80,false
GER,1986,Augenthaler,klaus-augenthaler,15,82,CB/CM,37,82,false
GER,1986,Thon,olaf-thon,16,80,CM/RM,36,36,false
GER,1986,Jakobs,ditmar-jakobs,17,73,CB/LB,9,73,false
GER,1986,Rahn,uwe-rahn,18,75,RW/ST/LM,75,34,false
GER,1986,Allofs,klaus-allofs,19,81,ST/LW,81,10,false
GER,1986,D. Hoeneß,dieter-hoeness,20,76,ST,76,9,false
GER,1986,Rolff,wolfgang-rolff,21,72,CM/RM/LM,32,32,false
GER,1986,Immel,eike-immel,22,72,GK,0,72,false
GER,1990,Illgner,bodo-illgner,1,85,GK,0,85,false
GER,1990,Reuter,stefan-reuter,2,81,RB/RM,36,81,false
GER,1990,Brehme,andreas-brehme,3,88,LB/LM/RB,40,88,false
GER,1990,Köhler,jurgen-kohler,4,87,CB/RB,10,87,false
GER,1990,Augenthaler,klaus-augenthaler,5,83,CB/CM,37,83,false
GER,1990,Buchwald,guido-buchwald,6,84,CB/CM,38,84,false
GER,1990,Littbarski,pierre-littbarski,7,82,LW/LM/RW,82,37,false
GER,1990,Häßler,thomas-hassler,8,84,CM/RM/RW,84,38,false
GER,1990,Völler,rudi-voller,9,88,ST/LW,88,11,false
GER,1990,Matthäus,lothar-matthaus,10,96,CM/RM,43,43,true
GER,1990,Mill,frank-mill,11,74,ST/RW,74,9,false
GER,1990,Aumann,raimond-aumann,12,74,GK,0,74,false
GER,1990,Riedle,karl-heinz-riedle,13,82,ST/LW,82,10,false
GER,1990,Berthold,thomas-berthold,14,82,RB/CB/RM,37,82,false
GER,1990,Bein,uwe-bein,15,80,CM/LM,36,36,false
GER,1990,Steiner,paul-steiner,16,73,CB/LB,9,73,false
GER,1990,Möller,andreas-moller,17,82,CM/RM/LM,37,37,false
GER,1990,Klinsmann,jurgen-klinsmann,18,87,ST/RW,87,10,false
GER,1990,Pflügler,hans-pflugler,19,74,LB/LM/CB,33,74,false
GER,1990,Thon,olaf-thon,20,80,CM/RM,36,36,false
GER,1990,Hermann,gunter-hermann,21,73,CM/LM/RM,33,33,false
GER,1990,Köpke,andreas-kopke,22,75,GK,0,75,false
GER,1994,Illgner,bodo-illgner,1,85,GK,0,85,false
GER,1994,Strunz,thomas-strunz,2,78,RM/CM,35,35,false
GER,1994,Brehme,andreas-brehme,3,86,LB/CB,10,86,false
GER,1994,Kohler,jurgen-kohler,4,86,CB,10,86,false
GER,1994,Helmer,thomas-helmer,5,82,CB,10,82,false
GER,1994,Buchwald,guido-buchwald,6,83,CB/CM,37,83,false
GER,1994,Möller,andreas-moller,7,85,CM/RW,85,38,false
GER,1994,Häßler,thomas-hassler,8,83,RM/CM,37,37,false
GER,1994,Riedle,karl-heinz-riedle,9,81,ST,81,10,false
GER,1994,Matthäus,lothar-matthaus,10,90,CM,41,41,true
GER,1994,Kuntz,stefan-kuntz,11,77,ST,77,9,false
GER,1994,Köpke,andreas-kopke,12,82,GK,0,82,false
GER,1994,Völler,rudi-voller,13,86,ST,86,10,false
GER,1994,Berthold,thomas-berthold,14,81,RB/CB,10,81,false
GER,1994,Gaudino,maurizio-gaudino,15,73,CM,33,33,false
GER,1994,Sammer,matthias-sammer,16,87,CB/CM,39,87,true
GER,1994,Wagner,martin-wagner,17,70,ST/CM,70,32,false
GER,1994,Klinsmann,jurgen-klinsmann,18,88,ST,88,11,true
GER,1994,Kirsten,ulf-kirsten,19,80,ST,80,10,false
GER,1994,Effenberg,stefan-effenberg,20,84,CM/RW,84,38,false
GER,1994,Basler,mario-basler,21,78,LM/LW,78,35,false
GER,1994,Kahn,oliver-kahn,22,84,GK,0,84,false
GER,1998,Köpke,andreas-kopke,1,84,GK,0,84,false
GER,1998,Wörns,christian-worns,2,78,CB,9,78,false
GER,1998,Heinrich,jorg-heinrich,3,75,LB/RB,9,75,false
GER,1998,Köhler,jurgen-kohler,4,82,CB,10,82,false
GER,1998,Helmer,thomas-helmer,5,78,CB,9,78,false
GER,1998,Thon,olaf-thon,6,77,CB/RM,35,77,false
GER,1998,Möller,andreas-moller,7,83,CM/RW,83,37,false
GER,1998,Matthäus,lothar-matthaus,8,88,CB/CM,40,88,true
GER,1998,Kirsten,ulf-kirsten,9,78,ST,78,9,false
GER,1998,Häßler,thomas-hassler,10,80,RM/CM,36,36,false
GER,1998,Marschall,olaf-marschall,11,75,ST,75,9,false
GER,1998,Kahn,oliver-kahn,12,87,GK,0,87,true
GER,1998,Jeremies,jens-jeremies,13,77,RM/CM,35,35,false
GER,1998,Babbel,markus-babbel,14,81,RB/CB,10,81,false
GER,1998,Freund,steffen-freund,15,78,RM/CM,35,35,false
GER,1998,Hamann,dietmar-hamann,16,80,LM/CM,36,36,false
GER,1998,Ziege,christian-ziege,17,82,LB/LW,82,82,false
GER,1998,Klinsmann,jurgen-klinsmann,18,86,ST,86,10,true
GER,1998,Reuter,stefan-reuter,19,78,RB/RM,35,78,false
GER,1998,Bierhoff,oliver-bierhoff,20,84,ST,84,10,false
GER,1998,Tarnat,michael-tarnat,21,76,LB/RM,34,76,false
GER,1998,Lehmann,jens-lehmann,22,78,GK,0,78,false
GER,2002,Kahn,oliver-kahn,1,95,GK,0,95,true
GER,2002,Linke,thomas-linke,2,79,CB/RB,9,79,false
GER,2002,Rehmer,marko-rehmer,3,76,CB/RB/RM,34,76,false
GER,2002,Baumann,frank-baumann,4,76,CB/CM,34,76,false
GER,2002,Ramelow,carsten-ramelow,5,80,CM/CB/RM,36,80,false
GER,2002,Ziege,christian-ziege,6,80,LB/LM,36,80,false
GER,2002,Neuville,oliver-neuville,7,78,ST/LW/RW,78,9,false
GER,2002,Hamann,dietmar-hamann,8,83,CM/RM,37,37,false
GER,2002,Jancker,carsten-jancker,9,74,ST,74,9,false
GER,2002,Ricken,lars-ricken,10,73,CM/LM/RW,73,33,false
GER,2002,Klose,miroslav-klose,11,84,ST/RW,84,10,true
GER,2002,Lehmann,jens-lehmann,12,81,GK,0,81,false
GER,2002,Ballack,michael-ballack,13,91,CM/ST,91,41,true
GER,2002,Asamoah,gerald-asamoah,14,74,ST/LW,74,9,false
GER,2002,Kehl,sebastian-kehl,15,77,CM/CB/RM,35,77,false
GER,2002,Jeremies,jens-jeremies,16,77,CM/RM,35,35,false
GER,2002,Bode,marco-bode,17,76,LW/LM/LB,76,76,false
GER,2002,Böhme,jorg-bohme,18,75,LM/CM/LB,34,75,false
GER,2002,Schneider,bernd-schneider,19,80,RW/RM/CM,80,36,false
GER,2002,Bierhoff,oliver-bierhoff,20,76,ST,76,9,false
GER,2002,Metzelder,christoph-metzelder,21,78,CB,9,78,false
GER,2002,Frings,torsten-frings,22,80,CM/RM/RB,36,80,false
GER,2002,Butt,hans-jorg-butt,23,74,GK,0,74,false
GER,2006,Lehmann,jens-lehmann,1,87,GK,0,87,false
GER,2006,Jansen,marcell-jansen,2,76,LB/RB,9,76,false
GER,2006,Friedrich,arne-friedrich,3,80,RB/CB,10,80,false
GER,2006,Huth,robert-huth,4,78,CB,9,78,false
GER,2006,Kehl,sebastian-kehl,5,79,RM/CM,36,36,false
GER,2006,Nowotny,jens-nowotny,6,77,CB,9,77,false
GER,2006,Schweini,bastian-schweinsteiger,7,85,LM/CM,38,38,false
GER,2006,Frings,torsten-frings,8,84,RM/CM,38,38,false
GER,2006,Hanke,mike-hanke,9,74,ST,74,9,false
GER,2006,Neuville,oliver-neuville,10,79,ST/LW,79,9,false
GER,2006,Klose,miroslav-klose,11,88,ST,88,11,true
GER,2006,Kahn,oliver-kahn,12,91,GK,0,91,true
GER,2006,Ballack,michael-ballack,13,90,CM,41,41,true
GER,2006,Hitzlsperger,thomas-hitzlsperger,15,78,LM/CM,35,35,false
GER,2006,Lahm,philipp-lahm,16,86,RB/LB,10,86,false
GER,2006,Mertesacker,per-mertesacker,17,81,CB,10,81,false
GER,2006,Borowski,tim-borowski,18,78,CM,35,35,false
GER,2006,Schneider,bernd-schneider,19,80,RW/CM,80,36,false
GER,2006,Podolski,lukas-podolski,20,86,ST/LW,86,10,false
GER,2006,Metzelder,christoph-metzelder,21,82,CB,10,82,false
GER,2006,Odonkor,david-odonkor,22,76,RW,76,9,false
GER,2006,Hildebrand,timo-hildebrand,23,76,GK,0,76,false
GER,2014,Neuer,manuel-neuer,1,97,GK,0,97,true
GER,2014,Großkreutz,kevin-grosskreutz,2,73,RB/LM/RM,33,73,false
GER,2014,Ginter,matthias-ginter,3,73,CB/CM,33,73,false
GER,2014,Höwedes,benedikt-howedes,4,82,CB/LB/RB,10,82,false
GER,2014,Hummels,mats-hummels,5,89,CB,11,89,false
GER,2014,Khedira,sami-khedira,6,86,CM/RM,39,39,false
GER,2014,Schweinsteiger,bastian-schweinsteiger,7,88,CM/RM,40,40,true
GER,2014,Özil,mesut-ozil,8,87,CM/LM/LW,87,39,false
GER,2014,Schürrle,andre-schurrle,9,80,LW/LM/RW,80,36,false
GER,2014,Podolski,lukas-podolski,10,80,LW/LM/ST,80,36,false
GER,2014,Klose,miroslav-klose,11,83,ST,83,10,true
GER,2014,Zieler,ron-robert-zieler,12,72,GK,0,72,false
GER,2014,T. Müller,thomas-muller,13,92,RW/ST/RM/CM,92,41,true
GER,2014,Draxler,julian-draxler,14,77,LW/LM/CM,77,35,false
GER,2014,Durm,erik-durm,15,70,RB/LB,8,70,false
GER,2014,Lahm,philipp-lahm,16,91,RB/RM/LB,41,91,true
GER,2014,Mertesacker,per-mertesacker,17,82,CB,10,82,false
GER,2014,Kroos,toni-kroos,18,91,CM/RM,41,41,true
GER,2014,Götze,mario-gotze,19,84,LW/LM/CM/ST,84,38,false
GER,2014,Boateng,jerome-boateng,20,88,CB/RB,11,88,false
GER,2014,Mustafi,shkodran-mustafi,21,74,CB/RB,9,74,false
GER,2014,Weidenfeller,roman-weidenfeller,22,74,GK,0,74,false
GER,2014,Kramer,christoph-kramer,23,73,CM/RM,33,33,false
GER,2026,Neuer,manuel-neuer,1,88,GK,0,88,true
GER,2026,Rüdiger,antonio-rudiger,2,86,CB,10,86,false
GER,2026,Anton,waldemar-anton,3,78,CB/RB,9,78,false
GER,2026,Tah,jonathan-tah,4,83,CB,10,83,false
GER,2026,Pavlović,aleksandar-pavlovic,5,81,CM/RM,36,36,false
GER,2026,Kimmich,joshua-kimmich,6,89,CM/RB/RM,40,89,false
GER,2026,Havertz,kai-havertz,7,85,ST/CM,85,38,false
GER,2026,Goretzka,leon-goretzka,8,81,CM/RM,36,36,false
GER,2026,Leweling,jamie-leweling,9,76,RW/LW/LM,76,34,false
GER,2026,Musiala,jamal-musiala,10,90,CM/LM/RW,90,41,false
GER,2026,Woltemade,nick-woltemade,11,80,ST,80,10,false
GER,2026,Baumann,oliver-baumann,12,74,GK,0,74,false
GER,2026,Groß,pascal-gross,13,78,CM/RM/RB,35,78,false
GER,2026,Beier,maximilian-beier,14,77,ST/LW,77,9,false
GER,2026,Schlotterbeck,nico-schlotterbeck,15,83,CB/LB,10,83,false
GER,2026,Stiller,angelo-stiller,16,80,CM/RM,36,36,false
GER,2026,Wirtz,florian-wirtz,17,89,CM/LM/LW,89,40,false
GER,2026,Brown,nathaniel-brown,18,74,LB/LM,33,74,false
GER,2026,Sané,leroy-sane,19,84,RW/LW,84,10,false
GER,2026,Amiri,nadiem-amiri,20,74,CM/LM,33,33,false
GER,2026,Nübel,alexander-nubel,21,75,GK,0,75,false
GER,2026,Raum,david-raum,22,80,LB/LM,36,80,false
GER,2026,Nmecha,felix-nmecha,23,75,CM/RM,34,34,false
GER,2026,Thiaw,malick-thiaw,24,78,CB,9,78,false
GER,2026,Karl,lennart-karl,25,76,RW/LM/CM,76,34,false
GER,2026,Undav,deniz-undav,26,79,ST/LW,79,9,false
GHA,2010,Agyei,daniel-agyei,1,67,GK,0,67,false
GHA,2010,Sarpei,hans-sarpei,2,74,LB/CB,9,74,false
GHA,2010,Gyan,asamoah-gyan,3,81,ST/LW,81,10,false
GHA,2010,Paintsil,john-paintsil,4,75,RB/RM,34,75,false
GHA,2010,J. Mensah,john-mensah,5,77,CB,9,77,false
GHA,2010,Annan,anthony-annan,6,76,CM/RM,34,34,false
GHA,2010,Inkoom,samuel-inkoom,7,73,RB/RM,33,73,false
GHA,2010,Jo. Mensah,jonathan-mensah,8,71,CB/RB,9,71,false
GHA,2010,D. Boateng,derek-boateng,9,72,CM/RM,32,32,false
GHA,2010,Appiah,stephen-appiah,10,76,CM/LM,34,34,false
GHA,2010,Muntari,sulley-muntari,11,79,CM/LM,36,36,false
GHA,2010,Tagoe,prince-tagoe,12,70,ST/RW,70,8,false
GHA,2010,A. Ayew,andre-ayew,13,76,LW/LM/ST,76,34,false
GHA,2010,Amoah,matthew-amoah,14,70,ST/RW,70,8,false
GHA,2010,Vorsah,isaac-vorsah,15,71,CB,9,71,false
GHA,2010,Ahorlu,stephen-ahorlu,16,64,GK,0,64,false
GHA,2010,I. Ayew,ibrahim-ayew,17,66,RB/CB,8,66,false
GHA,2010,Adiyiah,dominic-adiyiah,18,68,ST/LW,68,8,false
GHA,2010,Addy,lee-addy,19,66,CB/LB,8,66,false
GHA,2010,Owusu-Abeyie,quincy-owusu-abeyie,20,71,RW/LM,71,32,false
GHA,2010,K. Asamoah,kwadwo-asamoah,21,77,CM/LM,35,35,false
GHA,2010,Kingson,richard-kingson,22,74,GK,0,74,false
GHA,2010,K-P. Boateng,kevin-prince-boateng,23,78,CM/RM,35,35,false
GHA,2014,Adams,stephen-adams,1,66,GK,0,66,false
GHA,2014,Inkoom,samuel-inkoom,2,72,RB,9,72,false
GHA,2014,Gyan,asamoah-gyan,3,83,ST,83,10,true
GHA,2014,Opare,daniel-opare,4,74,RB/LB,9,74,false
GHA,2014,Essien,michael-essien,5,82,CM/RM,37,37,true
GHA,2014,Acquah,afriyie-acquah,6,74,CM,33,33,false
GHA,2014,Atsu,christian-atsu,7,79,LW/RW,79,9,false
GHA,2014,Badu,emmanuel-badu,8,77,CM,35,35,false
GHA,2014,KP Boateng,kevin-prince-boateng,9,84,CM/ST,84,38,false
GHA,2014,A. Ayew,andre-ayew,10,84,RW/LW,84,10,false
GHA,2014,Muntari,sulley-muntari,11,80,CM,36,36,false
GHA,2014,Kwarasey,adam-kwarasey,12,73,GK,0,73,false
GHA,2014,J. Ayew,jordan-ayew,13,79,ST/LW,79,9,false
GHA,2014,Sumaila,rashid-sumaila,15,71,CB/LB,9,71,false
GHA,2014,Dauda,fatau-dauda,16,76,GK,0,76,false
GHA,2014,Rabiu,mohammed-rabiu,17,73,CM/RM,33,33,false
GHA,2014,Waris,majeed-waris,18,74,ST/LW,74,9,false
GHA,2014,J. Mensah,jonathan-mensah,19,75,CB,9,75,false
GHA,2014,Asamoah,kwadwo-asamoah,20,85,LM/CM,38,38,false
GHA,2014,Boye,john-boye,21,76,CB,9,76,false
GHA,2014,Wakaso,mubarak-wakaso,22,78,CM,35,35,false
GHA,2014,Afful,harrison-afful,23,76,RB,9,76,false
GRE,2010,Chalkias,chalkias,1,75,GK,0,75,false
GRE,2010,Seitaridis,seitaridis,2,76,RB,9,76,false
GRE,2010,Patsatzoglou,patsatzoglou,3,73,LB/RM,33,73,false
GRE,2010,Spyropoulos,spyropoulos,4,74,LB,9,74,false
GRE,2010,Moras,moras,5,75,CB,9,75,false
GRE,2010,Tziolis,tziolis,6,75,CM/RM,34,34,false
GRE,2010,Samaras,samaras,7,82,LW/ST,82,10,false
GRE,2010,Papadopoulos,av-papadopoulos,8,78,CB,9,78,false
GRE,2010,Charisteas,charisteas,9,79,ST,79,9,false
GRE,2010,Karagounis,karagounis,10,83,CM/LM,37,37,true
GRE,2010,Vyntra,vyntra,11,75,CB/RB,9,75,false
GRE,2010,Tzorvas,tzorvas,12,76,GK,0,76,false
GRE,2010,Sifakis,sifakis,13,74,GK,0,74,false
GRE,2010,Salpingidis,salpingidis,14,77,RW/ST,77,9,false
GRE,2010,Torosidis,torosidis,15,78,RB,9,78,false
GRE,2010,Kyrgiakos,kyrgiakos,16,77,CB,9,77,false
GRE,2010,Gekas,gekas,17,77,ST,77,9,false
GRE,2010,Ninis,ninis,18,74,LM/LW,74,33,false
GRE,2010,Sokratis,sokratis,19,79,CB,9,79,false
GRE,2010,Kapetanos,kapetanos,20,73,ST,73,9,false
GRE,2010,Katsouranis,katsouranis,21,80,CM/RM,36,36,false
GRE,2010,Malezas,malezas,22,73,CB,9,73,false
GRE,2010,Prittas,prittas,23,72,CM,32,32,false
GRE,2014,Karnezis,karnezis,1,78,GK,0,78,false
GRE,2014,Maniatis,maniatis,2,76,RM/CM,34,34,false
GRE,2014,Tzavellas,tzavellas,3,76,LB,9,76,false
GRE,2014,Manolas,manolas,4,80,CB,10,80,false
GRE,2014,Moras,moras,5,74,CB,9,74,false
GRE,2014,Tziolis,tziolis,6,75,CM/RM,34,34,false
GRE,2014,Samaras,samaras,7,81,LW/ST,81,10,false
GRE,2014,Kone,kone,8,76,CM,34,34,false
GRE,2014,Mitroglou,mitroglou,9,79,ST,79,9,false
GRE,2014,Karagounis,karagounis,10,80,CM/LM,36,36,true
GRE,2014,Vyntra,vyntra,11,75,CB/RB,9,75,false
GRE,2014,Glykos,glykos,12,73,GK,0,73,false
GRE,2014,Kapino,kapino,13,73,GK,0,73,false
GRE,2014,Salpingidis,salpingidis,14,76,RW/ST,76,9,false
GRE,2014,Torosidis,torosidis,15,78,RB,9,78,false
GRE,2014,Christodoulopoulos,christodoulopoulos,16,75,LM/LW,75,34,false
GRE,2014,Gekas,gekas,17,75,ST,75,9,false
GRE,2014,Fetfatzidis,fetfatzidis,18,75,RW/LM,75,34,false
GRE,2014,Sokratis,sokratis,19,82,CB,10,82,false
GRE,2014,Holebas,holebas,20,76,LB,9,76,false
GRE,2014,Katsouranis,katsouranis,21,78,CM/RM,35,35,false
GRE,2014,Samaris,samaris,22,77,CM/RM,35,35,false
GRE,2014,Tachtsidis,tachtsidis,23,74,CM,33,33,false
IRL,1990,Bonner,packie-bonner,1,78,GK,0,78,false
IRL,1990,Morris,chris-morris,2,75,RB,9,75,false
IRL,1990,Staunton,steve-staunton,3,78,LB/CB,9,78,false
IRL,1990,McCarthy,mick-mccarthy,4,78,CB,9,78,false
IRL,1990,Moran,kevin-moran,5,78,CB,9,78,false
IRL,1990,Whelan,ronnie-whelan,6,78,CM,35,35,false
IRL,1990,McGrath,paul-mcgrath,7,84,CB/CM,38,84,true
IRL,1990,Houghton,ray-houghton,8,78,RM/RW/CM,78,35,false
IRL,1990,Aldridge,john-aldridge,9,79,ST,79,9,false
IRL,1990,Cascarino,tony-cascarino,10,76,ST,76,9,false
IRL,1990,Sheedy,kevin-sheedy,11,78,LM/LW,78,35,false
IRL,1990,O'Leary,david-oleary,12,77,CB,9,77,false
IRL,1990,Townsend,andy-townsend,13,78,CM,35,35,false
IRL,1990,Hughton,chris-hughton,14,74,LB/RB,9,74,false
IRL,1990,Slaven,bernie-slaven,15,73,ST,73,9,false
IRL,1990,Sheridan,john-sheridan,16,75,CM,34,34,false
IRL,1990,Quinn,niall-quinn,17,78,ST,78,9,false
IRL,1990,Stapleton,frank-stapleton,18,74,ST,74,9,false
IRL,1990,Kelly,david-kelly,19,73,ST,73,9,false
IRL,1990,Byrne,john-byrne,20,73,ST,73,9,false
IRL,1990,McLoughlin,alan-mcloughlin,21,73,CM,33,33,false
IRL,1990,Peyton,gerry-peyton,22,73,GK,0,73,false
IRL,2002,Given,shay-given,1,82,GK,0,82,false
IRL,2002,Finnan,steve-finnan,2,78,RB,9,78,false
IRL,2002,Harte,ian-harte,3,78,LB,9,78,false
IRL,2002,Cunningham,kenny-cunningham,4,77,CB,9,77,false
IRL,2002,Staunton,steve-staunton,5,78,CB/LB,9,78,false
IRL,2002,McAteer,jason-mcateer,7,76,RM,34,34,false
IRL,2002,Holland,matt-holland,8,77,CM,35,35,false
IRL,2002,Duff,damien-duff,9,82,LW/LM,82,37,true
IRL,2002,Keane,robbie-keane,10,82,ST,82,10,true
IRL,2002,Kilbane,kevin-kilbane,11,76,LM/LW,76,34,false
IRL,2002,Kinsella,mark-kinsella,12,76,CM,34,34,false
IRL,2002,Connolly,david-connolly,13,74,ST,74,9,false
IRL,2002,Breen,gary-breen,14,77,CB,9,77,false
IRL,2002,Dunne,richard-dunne,15,78,CB,9,78,false
IRL,2002,Kiely,dean-kiely,16,74,GK,0,74,false
IRL,2002,Quinn,niall-quinn,17,77,ST,77,9,false
IRL,2002,Kelly,gary-kelly,18,75,RB,9,75,false
IRL,2002,Morrison,clinton-morrison,19,74,ST,74,9,false
IRL,2002,O'Brien,andy-obrien,20,74,CB,9,74,false
IRL,2002,Reid,steven-reid,21,74,RM/RW,74,33,false
IRL,2002,Carsley,lee-carsley,22,75,CM,34,34,false
IRL,2002,Kelly,alan-kelly,23,73,GK,0,73,false
ITA,1970,Albertosi,enrico-albertosi,1,82,GK,0,82,false
ITA,1970,Burgnich,tarcisio-burgnich,2,81,RB/CB,10,81,false
ITA,1970,Facchetti,giacinto-facchetti,3,88,LB/CB,11,88,true
ITA,1970,Poletti,fabrizio-poletti,4,68,RB/CB,8,68,false
ITA,1970,Cera,pierluigi-cera,5,76,CB/CM,34,76,false
ITA,1970,Ferrante,ugo-ferrante,6,67,CB/CM,30,67,false
ITA,1970,Niccolai,comunardo-niccolai,7,66,CB,8,66,false
ITA,1970,Rosato,roberto-rosato,8,75,CB,9,75,false
ITA,1970,Puia,giorgio-puia,9,68,CB,8,68,false
ITA,1970,Bertini,mario-bertini,10,74,CM/RM,33,33,false
ITA,1970,Riva,gigi-riva,11,89,LW/ST,89,11,true
ITA,1970,Zoff,dino-zoff,12,80,GK,0,80,false
ITA,1970,Domenghini,angelo-domenghini,13,77,RW/ST,77,9,false
ITA,1970,Rivera,gianni-rivera,14,87,CM/LM,39,39,true
ITA,1970,Mazzola,sandro-mazzola,15,86,CM/RM,39,39,true
ITA,1970,De Sisti,giancarlo-de-sisti,16,76,CM,34,34,false
ITA,1970,Vieri,lido-vieri,17,68,GK,0,68,false
ITA,1970,Juliano,antonio-juliano,18,74,CM/RM,33,33,false
ITA,1970,Gori,sergio-gori,19,69,ST/RW,69,8,false
ITA,1970,Boninsegna,roberto-boninsegna,20,83,ST,83,10,false
ITA,1970,Furino,giuseppe-furino,21,68,CM,31,31,false
ITA,1970,Prati,pierino-prati,22,76,LW/ST,76,9,false
ITA,1974,Zoff,dino-zoff,1,95,GK,0,95,true
ITA,1974,Spinosi,luciano-spinosi,2,74,RB,9,74,false
ITA,1974,Facchetti,giacinto-facchetti,3,90,LB,11,90,true
ITA,1974,Benetti,romeo-benetti,4,80,CM/RM,36,36,false
ITA,1974,Morini,francesco-morini,5,77,CB,9,77,false
ITA,1974,Burgnich,tarcisio-burgnich,6,82,CB/RB,10,82,false
ITA,1974,Mazzola,sandro-mazzola,7,88,CM,40,40,false
ITA,1974,Capello,fabio-capello,8,82,CM/RM,37,37,false
ITA,1974,Chinaglia,giorgio-chinaglia,9,80,ST,80,10,false
ITA,1974,Rivera,gianni-rivera,10,90,CM,41,41,true
ITA,1974,Riva,gigi-riva,11,92,ST/LW,92,11,true
ITA,1974,Albertosi,enrico-albertosi,12,76,GK,0,76,false
ITA,1974,Sabadini,giuseppe-sabadini,13,70,CB,8,70,false
ITA,1974,Bellugi,mauro-bellugi,14,72,CB,9,72,false
ITA,1974,Wilson,giuseppe-wilson,15,76,CB,9,76,false
ITA,1974,Juliano,antonio-juliano,16,76,CM/RM,34,34,false
ITA,1974,Re Cecconi,luciano-re-cecconi,17,74,CM,33,33,false
ITA,1974,Causio,franco-causio,18,83,RW/LM,83,37,false
ITA,1974,Anastasi,pietro-anastasi,19,81,ST,81,10,false
ITA,1974,Boninsegna,roberto-boninsegna,20,82,ST,82,10,false
ITA,1974,Pulici,paolo-pulici,21,76,ST,76,9,false
ITA,1974,Castellini,luciano-castellini,22,72,GK,0,72,false
ITA,1978,Zoff,dino-zoff,1,86,GK,0,86,true
ITA,1978,Bellugi,mauro-bellugi,2,78,CB/RB,9,78,false
ITA,1978,Cabrini,antonio-cabrini,3,80,LB/LM,36,80,false
ITA,1978,Cuccureddu,antonello-cuccureddu,4,76,RB/RM,34,76,false
ITA,1978,Gentile,claudio-gentile,5,82,RB/CB,10,82,false
ITA,1978,Maldera,aldo-maldera,6,76,LB/LM,34,76,false
ITA,1978,Manfredonia,lionello-manfredonia,7,73,CB,9,73,false
ITA,1978,Scirea,gaetano-scirea,8,85,CB/CM,38,85,true
ITA,1978,Antognoni,giancarlo-antognoni,9,84,CM/RM,38,38,false
ITA,1978,Benetti,romeo-benetti,10,80,CM/RM,36,36,false
ITA,1978,Pecci,eraldo-pecci,11,75,CM,34,34,false
ITA,1978,Conti,paolo-conti,12,70,GK,0,70,false
ITA,1978,P. Sala,patrizio-sala,13,74,RM/CM,33,33,false
ITA,1978,Tardelli,marco-tardelli,14,83,CM/RM,37,37,false
ITA,1978,Zaccarelli,renato-zaccarelli,15,75,CM/LM,34,34,false
ITA,1978,Causio,franco-causio,16,82,RW/ST,82,10,false
ITA,1978,C. Sala,claudio-sala,17,78,LW/ST,78,9,false
ITA,1978,Bettega,roberto-bettega,18,85,ST/LW,85,10,false
ITA,1978,Graziani,francesco-graziani,19,80,ST,80,10,false
ITA,1978,Pulici,paolo-pulici,20,78,ST/RW,78,9,false
ITA,1978,Rossi,paolo-rossi,21,82,ST/RW,82,10,true
ITA,1978,Bordon,ivano-bordon,22,71,GK,0,71,false
ITA,1982,Zoff,dino-zoff,1,86,GK,0,86,true
ITA,1982,Baresi,franco-baresi,2,76,CB,9,76,false
ITA,1982,Bergomi,giuseppe-bergomi,3,78,RB/CB,9,78,false
ITA,1982,Cabrini,antonio-cabrini,4,83,LB,10,83,false
ITA,1982,Collovati,fulvio-collovati,5,78,CB,9,78,false
ITA,1982,Gentile,claudio-gentile,6,85,RB/CB,10,85,true
ITA,1982,Scirea,gaetano-scirea,7,87,CB,10,87,true
ITA,1982,Vierchowod,pietro-vierchowod,8,76,CB,9,76,false
ITA,1982,Antognoni,giancarlo-antognoni,9,83,CM/LM,37,37,false
ITA,1982,Dossena,giuseppe-dossena,10,72,LM/CM,32,32,false
ITA,1982,Marini,giampiero-marini,11,73,RM/CM,33,33,false
ITA,1982,Bordon,ivano-bordon,12,70,GK,0,70,false
ITA,1982,Oriali,gabriele-oriali,13,76,RM/CM,34,34,false
ITA,1982,Tardelli,marco-tardelli,14,85,RM/CM,38,38,true
ITA,1982,Causio,franco-causio,15,77,RW/RM,77,35,false
ITA,1982,Conti,bruno-conti,16,85,RW/LM,85,38,false
ITA,1982,Massaro,daniele-massaro,17,70,ST/RW,70,8,false
ITA,1982,Altobelli,alessandro-altobelli,18,81,ST,81,10,false
ITA,1982,Graziani,francesco-graziani,19,79,ST/LW,79,9,false
ITA,1982,Rossi,paolo-rossi,20,88,ST,88,11,true
ITA,1982,Selvaggi,franco-selvaggi,21,68,ST/LW,68,8,false
ITA,1982,Galli,giovanni-galli,22,70,GK,0,70,false
ITA,1986,Galli,giovanni-galli,1,80,GK,0,80,false
ITA,1986,Bergomi,giuseppe-bergomi,2,84,CB/RB,10,84,false
ITA,1986,Cabrini,antonio-cabrini,3,83,LB/RB,10,83,false
ITA,1986,Collovati,fulvio-collovati,4,76,CB,9,76,false
ITA,1986,Nela,sebastiano-nela,5,73,RB/CB,9,73,false
ITA,1986,Scirea,gaetano-scirea,6,92,CB/RM,41,92,true
ITA,1986,Tricella,roberto-tricella,7,74,CB,9,74,false
ITA,1986,Vierchowod,pietro-vierchowod,8,80,CB,10,80,false
ITA,1986,Ancelotti,carlo-ancelotti,9,80,CM,36,36,false
ITA,1986,Bagni,salvatore-bagni,10,76,RM/CM,34,34,false
ITA,1986,G. Baresi,giuseppe-baresi,11,75,RM/CM,34,34,false
ITA,1986,Tancredi,franco-tancredi,12,76,GK,0,76,false
ITA,1986,De Napoli,fernando-de-napoli,13,79,CM,36,36,false
ITA,1986,Di Gennaro,antonio-di-gennaro,14,74,LM/CM,33,33,false
ITA,1986,Tardelli,marco-tardelli,15,85,RM/CM,38,38,false
ITA,1986,Conti,bruno-conti,16,83,LW/RW,83,10,false
ITA,1986,Vialli,gianluca-vialli,17,84,ST,84,10,false
ITA,1986,Altobelli,alessandro-altobelli,18,85,ST,85,10,false
ITA,1986,Galderisi,giuseppe-galderisi,19,74,ST,74,9,false
ITA,1986,P. Rossi,paolo-rossi,20,88,ST,88,11,true
ITA,1986,Serena,aldo-serena,21,77,ST,77,9,false
ITA,1986,Zenga,walter-zenga,22,78,GK,0,78,false
ITA,1990,Zenga,walter-zenga,1,88,GK,0,88,false
ITA,1990,Baresi,franco-baresi,2,94,CB,11,94,true
ITA,1990,Bergomi,giuseppe-bergomi,3,83,CB,10,83,false
ITA,1990,De Agostini,luigi-de-agostini,4,80,RB/LB,10,80,false
ITA,1990,Ferrara,ciro-ferrara,5,78,CB/RB,9,78,false
ITA,1990,Ferri,riccardo-ferri,6,80,CB,10,80,false
ITA,1990,Maldini,paolo-maldini,7,89,LB,11,89,true
ITA,1990,Vierchowod,pietro-vierchowod,8,82,CB,10,82,false
ITA,1990,Ancelotti,carlo-ancelotti,9,81,CM,36,36,false
ITA,1990,Berti,nicola-berti,10,80,CM/RM,36,36,false
ITA,1990,De Napoli,fernando-de-napoli,11,78,RM/CM,35,35,false
ITA,1990,Tacconi,stefano-tacconi,12,78,GK,0,78,false
ITA,1990,Giannini,giuseppe-giannini,13,82,LM/CM,37,37,false
ITA,1990,Marocchi,giancarlo-marocchi,14,74,RM/CM,33,33,false
ITA,1990,R. Baggio,roberto-baggio,15,90,RW/ST,90,11,true
ITA,1990,Carnevale,andrea-carnevale,16,77,ST,77,9,false
ITA,1990,Donadoni,roberto-donadoni,17,84,RM/CM,38,38,false
ITA,1990,Mancini,roberto-mancini,18,82,ST/LW,82,10,false
ITA,1990,Schillaci,salvatore-schillaci,19,86,ST,86,10,false
ITA,1990,Serena,aldo-serena,20,78,ST,78,9,false
ITA,1990,Vialli,gianluca-vialli,21,84,ST,84,10,false
ITA,1990,Pagliuca,gianluca-pagliuca,22,76,GK,0,76,false
ITA,1994,Pagliuca,gianluca-pagliuca,1,83,GK,0,83,false
ITA,1994,Apolloni,luigi-apolloni,2,74,CB/RB,9,74,false
ITA,1994,Benarrivo,antonio-benarrivo,3,73,RB/LB,9,73,false
ITA,1994,Costacurta,alessandro-costacurta,4,83,CB,10,83,false
ITA,1994,Maldini,paolo-maldini,5,89,LB/CB,11,89,true
ITA,1994,Baresi,franco-baresi,6,87,CB,10,87,true
ITA,1994,Minotti,lorenzo-minotti,7,73,CB,9,73,false
ITA,1994,Mussi,roberto-mussi,8,73,RB/RM,33,73,false
ITA,1994,Tassotti,mauro-tassotti,9,76,RB,9,76,false
ITA,1994,R. Baggio,roberto-baggio,10,92,CM/ST/LW,92,41,true
ITA,1994,Albertini,demetrio-albertini,11,81,CM,36,36,false
ITA,1994,Marchegiani,luca-marchegiani,12,74,GK,0,74,false
ITA,1994,D. Baggio,dino-baggio,13,80,CM/RM,36,36,false
ITA,1994,Berti,nicola-berti,14,78,CM/RM,35,35,false
ITA,1994,Conte,antonio-conte,15,76,CM/LM,34,34,false
ITA,1994,Donadoni,roberto-donadoni,16,82,LM/LW,82,37,false
ITA,1994,Evani,alberico-evani,17,70,LM/CM,32,32,false
ITA,1994,Casiraghi,pierluigi-casiraghi,18,77,ST,77,9,false
ITA,1994,Massaro,daniele-massaro,19,75,ST/RW,75,9,false
ITA,1994,Signori,giuseppe-signori,20,80,ST/LW,80,10,false
ITA,1994,Zola,gianfranco-zola,21,83,LW/ST,83,10,false
ITA,1994,Bucci,luca-bucci,22,70,GK,0,70,false
ITA,1998,Toldo,francesco-toldo,1,82,GK,0,82,false
ITA,1998,Bergomi,giuseppe-bergomi,2,80,CB,10,80,false
ITA,1998,Maldini,paolo-maldini,3,95,LB/CB,11,95,true
ITA,1998,Cannavaro,fabio-cannavaro,4,82,CB,10,82,false
ITA,1998,Costacurta,alessandro-costacurta,5,82,CB,10,82,false
ITA,1998,Nesta,alessandro-nesta,6,83,CB,10,83,false
ITA,1998,Pessotto,gianluca-pessotto,7,74,RB/LB,9,74,false
ITA,1998,Torricelli,moreno-torricelli,8,76,RB,9,76,false
ITA,1998,Albertini,demetrio-albertini,9,82,CM,37,37,false
ITA,1998,Del Piero,alessandro-del-piero,10,89,ST/LW,89,11,true
ITA,1998,D. Baggio,dino-baggio,11,79,CM/RM,36,36,false
ITA,1998,Pagliuca,gianluca-pagliuca,12,83,GK,0,83,false
ITA,1998,Cois,sandro-cois,13,68,CM,31,31,false
ITA,1998,Di Biagio,luigi-di-biagio,14,78,CM/LM,35,35,false
ITA,1998,Di Livio,angelo-di-livio,15,79,RM/RW,79,36,false
ITA,1998,Di Matteo,roberto-di-matteo,16,79,CM/RM,36,36,false
ITA,1998,Moriero,francesco-moriero,17,73,RW/RM,73,33,false
ITA,1998,R. Baggio,roberto-baggio,18,88,ST/CM,88,40,true
ITA,1998,Inzaghi,filippo-inzaghi,19,84,ST,84,10,false
ITA,1998,Chiesa,enrico-chiesa,20,80,RW/ST,80,10,false
ITA,1998,Vieri,christian-vieri,21,85,ST,85,10,false
ITA,1998,Buffon,gianluigi-buffon,22,80,GK,0,80,false
ITA,2006,Buffon,gianluigi-buffon,1,92,GK,0,92,true
ITA,2006,Zaccardo,cristian-zaccardo,2,73,RB/CB,9,73,false
ITA,2006,Grosso,fabio-grosso,3,80,LB,10,80,false
ITA,2006,De Rossi,daniele-de-rossi,4,81,CM/RM,36,36,false
ITA,2006,Cannavaro,fabio-cannavaro,5,92,CB,11,92,true
ITA,2006,Barzagli,andrea-barzagli,6,76,CB,9,76,false
ITA,2006,Del Piero,alessandro-del-piero,7,84,ST/LW,84,10,true
ITA,2006,Gattuso,gennaro-gattuso,8,83,CM/RM,37,37,false
ITA,2006,Toni,luca-toni,9,83,ST,83,10,false
ITA,2006,Totti,francesco-totti,10,87,CM/ST,87,39,true
ITA,2006,Gilardino,alberto-gilardino,11,78,ST,78,9,false
ITA,2006,Peruzzi,angelo-peruzzi,12,76,GK,0,76,false
ITA,2006,Nesta,alessandro-nesta,13,87,CB,10,87,true
ITA,2006,Amelia,marco-amelia,14,70,GK,0,70,false
ITA,2006,Iaquinta,vincenzo-iaquinta,15,76,ST/RW,76,9,false
ITA,2006,Camoranesi,mauro-camoranesi,16,80,RW/RM,80,36,false
ITA,2006,Barone,simone-barone,17,70,CM/LM,32,32,false
ITA,2006,Inzaghi,filippo-inzaghi,18,81,ST,81,10,false
ITA,2006,Zambrotta,gianluca-zambrotta,19,85,RB/LB,10,85,false
ITA,2006,Perrotta,simone-perrotta,20,78,LM/CM,35,35,false
ITA,2006,Pirlo,andrea-pirlo,21,89,CM,40,40,true
ITA,2006,Oddo,massimo-oddo,22,74,RB,9,74,false
ITA,2006,Materazzi,marco-materazzi,23,81,CB,10,81,false
JPN,2002,Kawaguchi,yoshikatsu-kawaguchi,1,80,GK,0,80,true
JPN,2002,Akita,yutaka-akita,2,74,CB,9,74,false
JPN,2002,Matsuda,naoki-matsuda,3,76,CB,9,76,false
JPN,2002,Morioka,ryuzo-morioka,4,73,CB/RB,9,73,false
JPN,2002,Inamoto,junichi-inamoto,5,79,CM,36,36,false
JPN,2002,Hattori,toshihiro-hattori,6,73,LB/CB,9,73,false
JPN,2002,Nakata,hidetoshi-nakata,7,85,CM,38,38,true
JPN,2002,Morishima,hiroaki-morishima,8,74,RW/LW,74,9,false
JPN,2002,Nishizawa,akinori-nishizawa,9,75,ST,75,9,false
JPN,2002,Nakayama,masashi-nakayama,10,78,ST,78,9,false
JPN,2002,Suzuki,takayuki-suzuki,11,76,ST,76,9,false
JPN,2002,Narazaki,seigo-narazaki,12,75,GK,0,75,false
JPN,2002,Yanagisawa,atsushi-yanagisawa,13,75,ST,75,9,false
JPN,2002,Santos,alessandro-santos,14,79,RM/LM,36,36,false
JPN,2002,Fukunishi,takashi-fukunishi,15,74,CM/RM,33,33,false
JPN,2002,K.Nakata,koji-nakata,16,74,RB/CB,9,74,false
JPN,2002,Miyamoto,tsuneyasu-miyamoto,17,78,CB,9,78,false
JPN,2002,Ono,shinji-ono,18,80,CM,36,36,false
JPN,2002,Ogasawara,mitsuo-ogasawara,19,72,CM/RM,32,32,false
JPN,2002,Myojin,tomokazu-myojin,20,71,RM/CM,32,32,false
JPN,2002,Toda,kazuyuki-toda,21,73,CM/CB,33,73,false
JPN,2002,Ichikawa,daisuke-ichikawa,22,70,RM/CM,32,32,false
JPN,2022,Kawashima,eiji-kawashima,1,68,GK,0,68,false
JPN,2022,Yamane,miki-yamane,2,73,RB/RM,33,73,false
JPN,2022,Taniguchi,shogo-taniguchi,3,73,CB,9,73,false
JPN,2022,Itakura,ko-itakura,4,77,CB,9,77,false
JPN,2022,Nagatomo,yuto-nagatomo,5,74,LB/LM,33,74,false
JPN,2022,Endō,wataru-endo,6,79,CM/RM/CB,36,79,false
JPN,2022,Shibasaki,gaku-shibasaki,7,74,CM/RM,33,33,false
JPN,2022,Dōan,ritsu-doan,8,78,RW/LM/CM,78,35,false
JPN,2022,Mitoma,kaoru-mitoma,9,83,LW/ST,83,10,false
JPN,2022,Minamino,takumi-minamino,10,77,CM/LW/ST,77,35,false
JPN,2022,Kubo,takefusa-kubo,11,79,RW/CM/LM,79,36,false
JPN,2022,Gonda,shuichi-gonda,12,73,GK,0,73,false
JPN,2022,Morita,hidemasa-morita,13,76,CM/RM,34,34,false
JPN,2022,J. Itō,junya-ito,14,78,RW/LM,78,35,false
JPN,2022,Kamada,daichi-kamada,15,80,CM/LM,36,36,false
JPN,2022,Tomiyasu,takehiro-tomiyasu,16,81,CB/RB,10,81,false
JPN,2022,Tanaka,ao-tanaka,17,74,CM/RM,33,33,false
JPN,2022,Asano,takuma-asano,18,74,ST/RW,74,9,false
JPN,2022,Sakai,hiroki-sakai,19,74,RB/RM,33,74,false
JPN,2022,Machino,shuto-machino,20,68,ST/LW,68,8,false
JPN,2022,Ueda,ayase-ueda,21,72,ST,72,9,false
JPN,2022,Yoshida,maya-yoshida,22,78,CB,9,78,false
JPN,2022,Schmidt,daniel-schmidt,23,70,GK,0,70,false
JPN,2022,Sōma,yuki-soma,24,69,LW/LM,69,31,false
JPN,2022,Maeda,daizen-maeda,25,74,ST/LW,74,9,false
JPN,2022,H. Itō,hiroki-ito,26,74,CB/LB,9,74,false
KOR,2002,Lee Woon-jae,lee-woon-jae,1,79,GK,0,79,false
KOR,2002,Hyun Young-min,hyun-young-min,2,71,CB/RB,9,71,false
KOR,2002,Choi Sung-yong,choi-sung-yong,3,73,RM/RB/LM,33,73,false
KOR,2002,Choi Jin-cheul,choi-jin-cheul,4,76,CB,9,76,false
KOR,2002,Kim Nam-il,kim-nam-il,5,77,CM/RM,35,35,false
KOR,2002,Yoo Sang-chul,yoo-sang-chul,6,78,CM/RM,35,35,false
KOR,2002,Kim Tae-young,kim-tae-young,7,74,CB,9,74,false
KOR,2002,Choi Tae-uk,choi-tae-uk,8,73,ST/RW,73,9,false
KOR,2002,Seol Ki-hyeon,seol-ki-hyeon,9,78,LW/ST/LM,78,35,false
KOR,2002,Lee Young-pyo,lee-young-pyo,10,79,LB/LM,36,79,false
KOR,2002,Choi Yong-soo,choi-yong-soo,11,74,ST/LW,74,9,false
KOR,2002,Kim Byung-ji,kim-byung-ji,12,72,GK,0,72,false
KOR,2002,Lee Eul-yong,lee-eul-yong,13,73,LM/CM/LB,33,73,false
KOR,2002,Lee Chun-soo,lee-chun-soo,14,76,LW/LM/RW,76,34,false
KOR,2002,Lee Min-sung,lee-min-sung,15,71,RB/CB,9,71,false
KOR,2002,Cha Du-ri,cha-du-ri,16,72,RW/ST/RB,72,72,false
KOR,2002,Yoon Jong-hwan,yoon-jong-hwan,17,72,CM/RM,32,32,false
KOR,2002,Hwang Sun-hong,hwang-sun-hong,18,76,ST,76,9,false
KOR,2002,Ahn Jung-hwan,ahn-jung-hwan,19,79,ST/LW/CM,79,36,false
KOR,2002,Hong Myung-bo,hong-myung-bo,20,81,CB/CM,36,81,false
KOR,2002,Park Ji-sung,park-ji-sung,21,81,CM/LM/RM,36,36,false
KOR,2002,Song Chong-gug,song-chong-gug,22,74,RB/RM/CB,33,74,false
KOR,2002,Choi Eun-sung,choi-eun-sung,23,68,GK,0,68,false
MAR,1986,Badou,ezzaki-badou,1,87,GK,0,87,true
MAR,1986,Khalifa,labid-khalifa,2,68,RB,8,68,false
MAR,1986,Lamriss,abdelmajid-lamriss,3,74,CB,9,74,false
MAR,1986,El Biyaz,mustapha-el-biyaz,4,75,CB,9,75,false
MAR,1986,Bouyahyaoui,noureddine-bouyahyaoui,5,75,CB,9,75,false
MAR,1986,Dolmy,abdelmajid-dolmy,6,81,CM/RW/RM,81,36,false
MAR,1986,El Haddaoui,mustafa-el-haddaoui,7,78,CM,35,35,false
MAR,1986,Bouderbala,aziz-bouderbala,8,83,CM/LM,37,37,true
MAR,1986,Merry Krimau,abdelkrim-merry,9,77,ST,77,9,false
MAR,1986,Timoumi,mohamed-timoumi,10,85,CM,38,38,true
MAR,1986,M. Merry,mustafa-merry,11,74,ST,74,9,false
MAR,1986,Hmied,salahdine-hmied,12,70,GK,0,70,false
MAR,1986,Rhiati,abdelfettah-rhiati,13,73,ST,73,9,false
MAR,1986,Ouadani,lahcen-ouadani,14,72,LB,9,72,false
MAR,1986,M. El Haddaoui,mouncif-el-haddaoui,15,74,CM,33,33,false
MAR,1986,Amanallah,azzedine-amanallah,16,73,CM,33,33,false
MAR,1986,Khairi,abderrazak-khairi,17,79,LW/ST,79,9,false
MAR,1986,Sahil,mohammed-sahil,18,73,CM,33,33,false
MAR,1986,Jilal,fadel-jilal,19,73,CM,33,33,false
MAR,1986,Bidane,abdellah-bidane,20,72,CB,9,72,false
MAR,1986,Souleimani,abdelaziz-souleimani,21,72,CM,32,32,false
MAR,1986,Mouddani,abdelfettah-mouddani,22,68,GK,0,68,false
MAR,2022,Bono,yassine-bounou,1,83,GK,0,83,false
MAR,2022,Hakimi,achraf-hakimi,2,84,RB/RM,38,84,false
MAR,2022,Mazraoui,noussair-mazraoui,3,79,RB/LB,9,79,false
MAR,2022,Amrabat,sofyan-amrabat,4,81,CM/RM,36,36,false
MAR,2022,Aguerd,nayef-aguerd,5,78,CB,9,78,false
MAR,2022,Saïss,romain-saiss,6,78,CB,9,78,false
MAR,2022,Ziyech,hakim-ziyech,7,82,RW/CM,82,37,false
MAR,2022,Ounahi,azzedine-ounahi,8,77,CM/RM,35,35,false
MAR,2022,Hamdallah,abderrazak-hamdallah,9,73,ST,73,9,false
MAR,2022,Zaroury,anass-zaroury,10,70,LW/ST,70,8,false
MAR,2022,Sabiri,abdelhamid-sabiri,11,72,CM/LM,32,32,false
MAR,2022,Munir,munir-mohamedi,12,70,GK,0,70,false
MAR,2022,Chair,ilias-chair,13,73,CM/LM,33,33,false
MAR,2022,Aboukhlal,zakaria-aboukhlal,14,75,RW/ST,75,9,false
MAR,2022,Amallah,selim-amallah,15,74,CM/RM,33,33,false
MAR,2022,Ezzalzouli,abde-ezzalzouli,16,74,LW/ST,74,9,false
MAR,2022,Boufal,sofiane-boufal,17,76,LW/LM,76,34,false
MAR,2022,El Yamiq,jawad-el-yamiq,18,73,CB,9,73,false
MAR,2022,En-Nesyri,youssef-en-nesyri,19,78,ST/RW,78,9,false
MAR,2022,Dari,achraf-dari,20,71,CB,9,71,false
MAR,2022,Cheddira,walid-cheddira,21,71,ST,71,9,false
MAR,2022,Tagnaouti,ahmed-reda-tagnaouti,22,69,GK,0,69,false
MAR,2022,El Khannous,bilal-el-khannous,23,71,CM/LM,32,32,false
MAR,2022,Benoun,badr-benoun,24,70,CB,8,70,false
MAR,2022,Attiyat Allah,yahia-attiyat-allah,25,71,LB/RB,9,71,false
MAR,2022,Jabrane,yahya-jabrane,26,70,CM/RM,32,32,false
MEX,1970,Calderón,ignacio-calderon,1,76,GK,0,76,false
MEX,1970,Alejándrez,juan-manuel-alejandrez,2,72,RB,9,72,false
MEX,1970,Peña,gustavo-pena,3,77,CB,9,77,true
MEX,1970,Montes,francisco-montes,4,72,CB,9,72,false
MEX,1970,M. Pérez,mario-perez,5,73,LB,9,73,false
MEX,1970,Hernández,guillermo-hernandez,6,74,CB,9,74,false
MEX,1970,Rivas,marcos-rivas,7,72,RM/CM,32,32,false
MEX,1970,Munguía,antonio-munguia,8,74,CM,33,33,false
MEX,1970,Borja,enrique-borja,9,80,ST,80,10,true
MEX,1970,Salgado,horacio-lopez-salgado,10,75,LW/ST,75,9,false
MEX,1970,Padilla,aaron-padilla,11,74,RW,74,9,false
MEX,1970,Mota,antonio-mota,12,70,GK,0,70,false
MEX,1970,Vantolrá,jose-vantolra,13,73,RB/CB,9,73,false
MEX,1970,Guzmán,javier-guzman,14,71,CB,9,71,false
MEX,1970,Pulido,hector-pulido,15,72,CM,32,32,false
MEX,1970,Díaz,isidoro-diaz,16,71,LW/RW,71,9,false
MEX,1970,González,jose-luis-gonzalez,17,72,LM,32,32,false
MEX,1970,Velarde,mario-velarde,18,75,CM/LM,34,34,false
MEX,1970,Valdivia,javier-valdivia,19,71,ST,71,9,false
MEX,1970,Basaguren,juan-ignacio-basaguren,20,73,CM,33,33,false
MEX,1970,Fragoso,javier-fragoso,21,74,LW,74,9,false
MEX,1970,Castrejón,francisco-castrejon,22,68,GK,0,68,false
MEX,1978,P. Reyes,jose-pilar-reyes,1,72,GK,0,72,false
MEX,1978,Nájera,manuel-najera,2,70,RB,8,70,false
MEX,1978,Tena,alfredo-tena,3,71,LB/CB,9,71,false
MEX,1978,E. Ramos,eduardo-ramos,4,74,CB,9,74,false
MEX,1978,Vázquez,arturo-vazquez-ayala,5,76,CB,9,76,false
MEX,1978,Mendizábal,guillermo-mendizabal,6,70,CM/RM,32,32,false
MEX,1978,De la Torre,antonio-de-la-torre,7,78,LM/CM,35,35,false
MEX,1978,López Zarza,enrique-lopez-zarza,8,71,LM/LW,71,32,false
MEX,1978,Rangel,victor-rangel,9,75,ST,75,9,false
MEX,1978,C. Ortega,cristobal-ortega,10,73,ST/LW,73,9,false
MEX,1978,H. Sánchez,hugo-sanchez,11,82,ST,82,10,true
MEX,1978,J. Martínez,jesus-martinez,12,68,RB/CB,8,68,false
MEX,1978,Cisneros,rigoberto-cisneros,13,69,CB,8,69,false
MEX,1978,C. Gómez,carlos-gomez,14,69,CB/LB,8,69,false
MEX,1978,I. Flores,ignacio-flores-ocaranza,15,70,LB/CB,8,70,false
MEX,1978,Cárdenas,javier-cardenas,16,72,RM/CM,32,32,false
MEX,1978,Cuéllar,leonardo-cuellar,17,73,LM/CM,33,33,false
MEX,1978,Lugo,gerardo-lugo,18,71,RM/CM,32,32,false
MEX,1978,H. Rodríguez,hugo-rene-rodriguez,19,70,RW/ST,70,8,false
MEX,1978,Medina,mario-medina,20,68,ST,68,8,false
MEX,1978,Isiordia,raul-isiordia,21,69,ST/RW,69,8,false
MEX,1978,P. Soto,pedro-soto,22,71,GK,0,71,false
MEX,1986,Larios,pablo-larios,1,78,GK,0,78,false
MEX,1986,Trejo,mario-trejo,2,75,RB/RM,34,75,false
MEX,1986,Quirarte,fernando-quirarte,3,79,CB/RB,9,79,false
MEX,1986,Manzo,armando-manzo,4,74,CB,9,74,false
MEX,1986,Cruz,francisco-javier-cruz,5,73,ST/RW,73,9,false
MEX,1986,De los Cobos,carlos-de-los-cobos,6,75,CM/LM,34,34,false
MEX,1986,España,miguel-espana,7,77,CM/RM,35,35,false
MEX,1986,Domínguez,alejandro-dominguez,8,72,CM/RM,32,32,false
MEX,1986,Hugo Sánchez,hugo-sanchez,9,88,ST/LW,88,11,true
MEX,1986,Boy,tomas-boy,10,80,CM,36,36,false
MEX,1986,Hermosillo,carlos-hermosillo,11,76,ST/RW,76,9,false
MEX,1986,I. Rodríguez,ignacio-rodriguez,12,70,GK,0,70,false
MEX,1986,Aguirre,javier-aguirre,13,76,CM/RM,34,34,false
MEX,1986,F. Cruz,felix-cruz,14,73,LB/LM,33,73,false
MEX,1986,Flores,luis-flores,15,78,RW/ST,78,9,false
MEX,1986,Muñoz,carlos-munoz,16,72,RM/CM,32,32,false
MEX,1986,Servín,raul-servin,17,74,CB,9,74,false
MEX,1986,Amador,rafael-amador,18,73,LB/CB,9,73,false
MEX,1986,J. Hernández,javier-hernandez,19,72,LM/LW,72,32,false
MEX,1986,Heredia,olaf-heredia,20,69,GK,0,69,false
MEX,1986,Ortega,cristobal-ortega,21,72,LW/ST,72,9,false
MEX,1986,Negrete,manuel-negrete,22,81,CM/LM,36,36,false
MEX,1994,Campos,jorge-campos,1,87,GK,0,87,true
MEX,1994,C. Suárez,claudio-suarez,2,82,CB/RB,10,82,false
MEX,1994,J.D. Ramírez,juan-de-dios-ramirez,3,76,CB,9,76,false
MEX,1994,Ambríz,ignacio-ambriz,4,78,CB/RM,35,78,false
MEX,1994,R. Ramírez,ramon-ramirez,5,82,CM/RM,37,37,false
MEX,1994,Bernal,marcelino-bernal,6,76,CM/RM,34,34,false
MEX,1994,Hermosillo,carlos-hermosillo,7,79,ST,79,9,false
MEX,1994,García Aspe,alberto-garcia-aspe,8,83,CM,37,37,false
MEX,1994,H. Sánchez,hugo-sanchez,9,91,ST,91,11,true
MEX,1994,L. García,luis-garcia,10,84,ST/LW,84,10,false
MEX,1994,Zague,zague,11,79,ST,79,9,false
MEX,1994,F. Fernández,felix-fernandez,12,72,GK,0,72,false
MEX,1994,J.C. Chávez,juan-carlos-chavez,13,72,CM,32,32,false
MEX,1994,Del Olmo,joaquin-del-olmo,14,74,CM/LM,33,33,false
MEX,1994,Espinoza,missael-espinoza,15,75,CM,34,34,false
MEX,1994,Valdéz,luis-antonio-valdez,16,73,ST/LW,73,9,false
MEX,1994,Galindo,benjamin-galindo,17,77,CM/LM,35,35,false
MEX,1994,Salgado,jose-luis-salgado,18,71,RB/CB,9,71,false
MEX,1994,Salvador,luis-miguel-salvador,19,73,ST/RW,73,9,false
MEX,1994,J. Rodríguez,jorge-rodriguez,20,75,CM/RM,34,34,false
MEX,1994,R. Gutiérrez,raul-gutierrez,21,74,RB/CB,9,74,false
MEX,1994,A. Chávez,adrian-chavez,22,71,GK,0,71,false
MEX,2002,O. Pérez,oscar-perez,1,79,GK,0,79,false
MEX,2002,De Anda,francisco-gabriel-de-anda,2,72,RB,9,72,false
MEX,2002,R. García,rafael-garcia,3,74,RM/CM,33,33,false
MEX,2002,Márquez,rafael-marquez,4,84,CB,10,84,true
MEX,2002,Vidrio,manuel-vidrio,5,74,CB,9,74,false
MEX,2002,Torrado,gerardo-torrado,6,79,CM,36,36,false
MEX,2002,Morales,ramon-morales,7,78,LW/CM,78,35,false
MEX,2002,García Aspe,alberto-garcia-aspe,8,81,CM,36,36,false
MEX,2002,Borgetti,jared-borgetti,9,84,ST,84,10,true
MEX,2002,Blanco,cuauhtemoc-blanco,10,83,ST/CM,83,37,true
MEX,2002,Luna,braulio-luna,11,72,LM/CM,32,32,false
MEX,2002,O. Sánchez,oswaldo-sanchez,12,77,GK,0,77,false
MEX,2002,Mercado,sigifredo-mercado,13,72,RM/CM,32,32,false
MEX,2002,Villa,german-villa,14,76,CM,34,34,false
MEX,2002,Hernández,luis-hernandez,15,79,ST,79,9,false
MEX,2002,Carmona,salvador-carmona,16,75,LB/CB,9,75,false
MEX,2002,Palencia,francisco-palencia,17,77,ST/LW,77,9,false
MEX,2002,J. Rodríguez,johan-rodriguez,18,71,CM/RW,71,32,false
MEX,2002,Melvin,melvin-brown,20,71,RB/CB,9,71,false
MEX,2002,Arellano,jesus-arellano,21,74,ST/LM,74,33,false
MEX,2002,A. Rodríguez,alberto-rodriguez,22,71,CB,9,71,false
MEX,2002,Campos,jorge-campos,23,80,GK,0,80,false
MEX,2010,Óscar Pérez,oscar-perez,1,74,GK,0,74,false
MEX,2010,F. Rodríguez,francisco-javier-rodriguez,2,76,CB/LB,9,76,false
MEX,2010,Salcido,carlos-salcido,3,79,LB/LM,36,79,false
MEX,2010,Márquez,rafael-marquez,4,85,CB/CM,38,85,false
MEX,2010,Osorio,ricardo-osorio,5,75,CB/RB,9,75,false
MEX,2010,Torrado,gerardo-torrado,6,76,CM/RM,34,34,false
MEX,2010,Barrera,pablo-barrera,7,76,RW/RM,76,34,false
MEX,2010,Castro,israel-castro,8,73,CM/RM,33,33,false
MEX,2010,Franco,guillermo-franco,9,75,ST/LW,75,9,false
MEX,2010,Blanco,cuauhtemoc-blanco,10,80,CM/ST,80,36,false
MEX,2010,Vela,carlos-vela,11,80,LW/ST,80,10,false
MEX,2010,Aguilar,paul-aguilar,12,73,RB/RM,33,73,false
MEX,2010,Ochoa,guillermo-ochoa,13,78,GK,0,78,false
MEX,2010,Chicharito,javier-hernandez,14,81,ST/RW,81,10,false
MEX,2010,Moreno,hector-moreno,15,76,CB,9,76,false
MEX,2010,Juárez,efrain-juarez,16,73,RB/RM,33,73,false
MEX,2010,Dos Santos,giovani-dos-santos,17,82,RW/LW,82,10,false
MEX,2010,Guardado,andres-guardado,18,81,LM/CM,36,36,false
MEX,2010,Magallón,jonny-magallon,19,72,CB,9,72,false
MEX,2010,Torres Nilo,jorge-torres-nilo,20,71,LB/LM,32,71,false
MEX,2010,Bautista,adolfo-bautista,21,73,LM/CM,33,33,false
MEX,2010,Medina,alberto-medina,22,73,RW/LM,73,33,false
MEX,2010,Michel,luis-ernesto-michel,23,70,GK,0,70,false
NED,1974,Geels,ruud-geels,1,74,ST/RW,74,9,false
NED,1974,Haan,arie-haan,2,83,CM/CB/RM,37,83,false
NED,1974,Van Hanegem,willem-van-hanegem,3,88,CM/LM,40,40,false
NED,1974,Van Ierssel,kees-van-ierssel,4,71,CB/RB,9,71,false
NED,1974,Israël,rinus-israel,5,79,CB,9,79,false
NED,1974,Jansen,wim-jansen,6,80,RM/CM,36,36,false
NED,1974,De Jong,theo-de-jong,7,75,CM/RM,34,34,false
NED,1974,Jongbloed,jan-jongbloed,8,76,GK,0,76,false
NED,1974,Keizer,piet-keizer,9,76,LW/LM,76,34,false
NED,1974,R. Van de Kerkhof,rene-van-de-kerkhof,10,78,RM/RW/CM,78,35,false
NED,1974,W. Van de Kerkhof,willy-van-de-kerkhof,11,76,RM/CM,34,34,false
NED,1974,Krol,ruud-krol,12,85,LB/CB,10,85,false
NED,1974,Neeskens,johan-neeskens,13,91,CM/RM,41,41,true
NED,1974,Cruyff,johan-cruyff,14,97,ST/LW/CM,97,44,true
NED,1974,Rensenbrink,rob-rensenbrink,15,86,LW/RW/ST,86,10,false
NED,1974,Rep,johnny-rep,16,82,RW/ST,82,10,false
NED,1974,Rijsbergen,wim-rijsbergen,17,79,CB/RB,9,79,false
NED,1974,Schrijvers,piet-schrijvers,18,73,GK,0,73,false
NED,1974,Strik,pleun-strik,19,70,CB/CM,32,70,false
NED,1974,Suurbier,wim-suurbier,20,81,RB/RM,36,81,false
NED,1974,Treijtel,eddy-treijtel,21,68,GK,0,68,false
NED,1974,Vos,harry-vos,22,69,CB/RB,8,69,false
NED,1978,Schrijvers,piet-schrijvers,1,74,GK,0,74,false
NED,1978,Poortvliet,jan-poortvliet,2,77,RB/CB,9,77,false
NED,1978,Schoenaker,dick-schoenaker,3,73,CM/RM,33,33,false
NED,1978,Van Kraay,adri-van-kraay,4,72,RB/CB,9,72,false
NED,1978,Krol,ruud-krol,5,87,LB/CB,10,87,false
NED,1978,Jansen,wim-jansen,6,79,RM/CM,36,36,false
NED,1978,Wildschut,piet-wildschut,7,72,LM/CM,32,32,false
NED,1978,Jongbloed,jan-jongbloed,8,74,GK,0,74,false
NED,1978,Haan,arie-haan,9,84,CM/CB/RM,38,84,false
NED,1978,R. Van de Kerkhof,rene-van-de-kerkhof,10,81,RM/RW/CM,81,36,false
NED,1978,W. Van de Kerkhof,willy-van-de-kerkhof,11,78,CM/RM,35,35,false
NED,1978,Rensenbrink,rob-rensenbrink,12,88,LW/RW/ST,88,11,false
NED,1978,Neeskens,johan-neeskens,13,86,CM/RM,39,39,true
NED,1978,Boskamp,jan-boskamp,14,73,CM/LM,33,33,false
NED,1978,Hovenkamp,hugo-hovenkamp,15,74,CB/RB,9,74,false
NED,1978,Rep,johnny-rep,16,83,RW/ST,83,10,false
NED,1978,Rijsbergen,wim-rijsbergen,17,78,CB,9,78,false
NED,1978,Nanninga,dick-nanninga,18,75,ST/LW,75,9,false
NED,1978,Doesburg,pim-doesburg,19,68,GK,0,68,false
NED,1978,Suurbier,wim-suurbier,20,76,RB/RM,34,76,false
NED,1978,Lubse,harry-lubse,21,69,ST/RW,69,8,false
NED,1978,Brandts,ernie-brandts,22,80,CB/RB,10,80,false
NED,1990,Van Breukelen,hans-van-breukelen,1,85,GK,0,85,false
NED,1990,Van Aerle,berry-van-aerle,2,79,RB/CB,9,79,false
NED,1990,Rijkaard,frank-rijkaard,3,92,CM,41,41,true
NED,1990,R. Koeman,ronald-koeman,4,90,CB,11,90,false
NED,1990,Van Tiggelen,adri-van-tiggelen,5,80,CB/LB,10,80,false
NED,1990,Wouters,jan-wouters,6,82,CM,37,37,false
NED,1990,E. Koeman,erwin-koeman,7,79,CM/RM,36,36,false
NED,1990,Vanenburg,gerald-vanenburg,8,79,RW/CM,79,36,false
NED,1990,Van Basten,marco-van-basten,9,93,ST,93,11,true
NED,1990,Gullit,ruud-gullit,10,92,CM/ST,92,41,true
NED,1990,Witschge,richard-witschge,11,79,CM/LW/LM,79,36,false
NED,1990,Kieft,wim-kieft,12,80,ST,80,10,false
NED,1990,Rutjes,graeme-rutjes,13,73,CB/RB,9,73,false
NED,1990,Van 't Schip,john-van-t-schip,14,80,ST/LW,80,10,false
NED,1990,Roy,bryan-roy,15,76,LW/ST,76,9,false
NED,1990,Hiele,joop-hiele,16,73,GK,0,73,false
NED,1990,Gillhaus,hans-gillhaus,17,78,ST/RW,78,9,false
NED,1990,Fraser,henk-fraser,18,72,CB/RB,9,72,false
NED,1990,Van Loen,john-van-loen,19,73,ST,73,9,false
NED,1990,Winter,aron-winter,20,81,CM/RM,36,36,false
NED,1990,Blind,danny-blind,21,77,CB/LB,9,77,false
NED,1990,Menzo,stanley-menzo,22,78,GK,0,78,false
NED,1994,De Goey,ed-de-goey,1,82,GK,0,82,false
NED,1994,F. de Boer,frank-de-boer,2,83,RB/CB,10,83,false
NED,1994,Rijkaard,frank-rijkaard,3,87,CM,39,39,true
NED,1994,R. Koeman,ronald-koeman,4,90,CB,11,90,true
NED,1994,Witschge,rob-witschge,5,78,CM/LM,35,35,false
NED,1994,Wouters,jan-wouters,6,80,RM/CM,36,36,false
NED,1994,Overmars,marc-overmars,7,86,LW,86,10,false
NED,1994,Jonk,wim-jonk,8,82,CM,37,37,false
NED,1994,R. de Boer,ronald-de-boer,9,82,CM/ST,82,37,false
NED,1994,Bergkamp,dennis-bergkamp,10,91,ST,91,11,true
NED,1994,Roy,bryan-roy,11,82,LW/ST,82,10,false
NED,1994,Bosman,john-bosman,12,75,ST,75,9,false
NED,1994,Van der Sar,edwin-van-der-sar,13,77,GK,0,77,false
NED,1994,Van Gobbel,ulrich-van-gobbel,14,76,CB/RB,9,76,false
NED,1994,Blind,danny-blind,15,80,CB/LB,10,80,false
NED,1994,Numan,arthur-numan,16,79,LB,9,79,false
NED,1994,Taument,gaston-taument,17,74,RW/LW,74,9,false
NED,1994,Valckx,stan-valckx,18,77,CB/RB,9,77,false
NED,1994,Van Vossen,peter-van-vossen,19,79,ST,79,9,false
NED,1994,Winter,aron-winter,20,83,RM/CM,37,37,false
NED,1994,De Wolf,john-de-wolf,21,76,CB,9,76,false
NED,1994,Snelders,theo-snelders,22,78,GK,0,78,false
NED,1998,Van der Sar,edwin-van-der-sar,1,86,GK,0,86,false
NED,1998,Reiziger,michael-reiziger,2,82,RB/RM,37,82,false
NED,1998,Stam,jaap-stam,3,89,CB,11,89,true
NED,1998,F. De Boer,frank-de-boer,4,86,CB/LB,10,86,false
NED,1998,Numan,arthur-numan,5,81,LB/LM,36,81,false
NED,1998,Jonk,wim-jonk,6,80,CM/RM,36,36,false
NED,1998,R. De Boer,ronald-de-boer,7,82,CM/RW/ST,82,37,false
NED,1998,Bergkamp,dennis-bergkamp,8,93,ST/CM/RW,93,42,true
NED,1998,Kluivert,patrick-kluivert,9,87,ST/LW,87,10,false
NED,1998,Seedorf,clarence-seedorf,10,84,CM/RM/LM,38,38,false
NED,1998,Cocu,phillip-cocu,11,83,CM/LM/RM,37,37,false
NED,1998,Zenden,boudewijn-zenden,12,78,LM/LW,78,35,false
NED,1998,Ooijer,andre-ooijer,13,74,CB/RB,9,74,false
NED,1998,Overmars,marc-overmars,14,87,LW/RW,87,10,false
NED,1998,Bogarde,winston-bogarde,15,73,CB/LB,9,73,false
NED,1998,Davids,edgar-davids,16,86,CM/RM,39,39,false
NED,1998,Van Hooijdonk,pierre-van-hooijdonk,17,78,ST/RW,78,9,false
NED,1998,De Goey,ed-de-goey,18,76,GK,0,76,false
NED,1998,Van Bronckhorst,giovanni-van-bronckhorst,19,79,LB/LM/CM,36,79,false
NED,1998,Winter,aron-winter,20,77,CM/RM,35,35,false
NED,1998,Hasselbaink,jimmy-floyd-hasselbaink,21,80,ST/LW,80,10,false
NED,1998,Hesp,ruud-hesp,22,70,GK,0,70,false
NED,2010,Stekelenburg,maarten-stekelenburg,1,82,GK,0,82,false
NED,2010,Van der Wiel,gregory-van-der-wiel,2,80,RB/RM,36,80,false
NED,2010,Heitinga,john-heitinga,3,80,CB/RB,10,80,false
NED,2010,Mathijsen,joris-mathijsen,4,78,CB,9,78,false
NED,2010,Van Bronckhorst,giovanni-van-bronckhorst,5,81,LB/CB,10,81,false
NED,2010,Van Bommel,mark-van-bommel,6,83,CM/RM,37,37,false
NED,2010,Kuyt,dirk-kuyt,7,82,RW/ST/RM,82,37,false
NED,2010,De Jong,nigel-de-jong,8,82,CM/RM,37,37,false
NED,2010,Van Persie,robin-van-persie,9,88,ST/LW,88,11,true
NED,2010,Sneijder,wesley-sneijder,10,92,CM/RM/RW,92,41,true
NED,2010,Robben,arjen-robben,11,91,RW/LW/ST,91,11,true
NED,2010,Boulahrouz,khalid-boulahrouz,12,73,CB/RB,9,73,false
NED,2010,Ooijer,andre-ooijer,13,73,CB/RB,9,73,false
NED,2010,De Zeeuw,demy-de-zeeuw,14,75,CM/RM,34,34,false
NED,2010,Braafheid,edson-braafheid,15,72,LB/LM,32,72,false
NED,2010,Vorm,michel-vorm,16,74,GK,0,74,false
NED,2010,Elia,eljero-elia,17,75,LW/RW,75,9,false
NED,2010,Schaars,stijn-schaars,18,73,CM/LM,33,33,false
NED,2010,Babel,ryan-babel,19,76,LW/ST,76,9,false
NED,2010,Afellay,ibrahim-afellay,20,77,LM/CM/LW,77,35,false
NED,2010,Huntelaar,klaas-jan-huntelaar,21,83,ST/RW,83,10,false
NED,2010,Boschker,sander-boschker,22,68,GK,0,68,false
NED,2010,Van der Vaart,rafael-van-der-vaart,23,84,CM/LM/RW,84,38,false
NED,2014,Cillessen,jasper-cillessen,1,82,GK,0,82,false
NED,2014,Vlaar,ron-vlaar,2,82,CB,10,82,false
NED,2014,De Vrij,stefan-de-vrij,3,84,CB,10,84,false
NED,2014,Martins Indi,bruno-martins-indi,4,78,CB/LB,9,78,false
NED,2014,Blind,daley-blind,5,83,LB/CM,37,83,false
NED,2014,De Jong,nigel-de-jong,6,82,CM,37,37,false
NED,2014,Janmaat,daryl-janmaat,7,79,RB,9,79,false
NED,2014,De Guzman,jonathan-de-guzman,8,77,CM,35,35,false
NED,2014,Van Persie,robin-van-persie,9,90,ST,90,11,true
NED,2014,Sneijder,wesley-sneijder,10,88,CM,40,40,true
NED,2014,Robben,arjen-robben,11,91,RW,91,11,true
NED,2014,Verhaegh,paul-verhaegh,12,75,RB,9,75,false
NED,2014,Veltman,joel-veltman,13,76,CB/RB,9,76,false
NED,2014,Kuyt,dirk-kuyt,15,81,RM/ST,81,36,false
NED,2014,Clasie,jordy-clasie,16,75,CM/RM,34,34,false
NED,2014,Lens,jeremain-lens,17,76,LW/RW,76,9,false
NED,2014,Fer,leroy-fer,18,76,CM/RM,34,34,false
NED,2014,Huntelaar,klaas-jan-huntelaar,19,84,ST,84,10,false
NED,2014,Wijnaldum,georginio-wijnaldum,20,82,CM/RM/LM,37,37,false
NED,2014,Depay,memphis-depay,21,80,LW/RW,80,10,false
NED,2014,Vorm,michel-vorm,22,78,GK,0,78,false
NED,2014,Krul,tim-krul,23,80,GK,0,80,false
NED,2026,Verbruggen,bart-verbruggen,1,80,GK,0,80,false
NED,2026,Timber,jurrien-timber,2,83,RB/CB,10,83,false
NED,2026,De Roon,marten-de-roon,3,76,CM/RM,34,34,false
NED,2026,Van Dijk,virgil-van-dijk,4,89,CB,11,89,true
NED,2026,Aké,nathan-ake,5,83,CB/LB,10,83,false
NED,2026,Van Hecke,jan-paul-van-hecke,6,76,CB,9,76,false
NED,2026,Kluivert,justin-kluivert,7,78,RW/ST,78,9,false
NED,2026,Gravenberch,ryan-gravenberch,8,85,CM/RM,38,38,false
NED,2026,Weghorst,wout-weghorst,9,78,ST,78,9,false
NED,2026,Depay,memphis-depay,10,84,ST/LW,84,10,false
NED,2026,Gakpo,cody-gakpo,11,86,LW/ST,86,10,false
NED,2026,Wieffer,mats-wieffer,12,75,CM/RM,34,34,false
NED,2026,Roefs,robin-roefs,13,71,GK,0,71,false
NED,2026,Reijnders,tijjani-reijnders,14,85,CM/LM,38,38,false
NED,2026,Van de Ven,micky-van-de-ven,15,83,CB/LB,10,83,false
NED,2026,Til,guus-til,16,73,CM/RM,33,33,false
NED,2026,Lang,noa-lang,17,77,LW/LM,77,35,false
NED,2026,Malen,donyell-malen,18,80,RW/ST,80,10,false
NED,2026,Brobbey,brian-brobbey,19,75,ST,75,9,false
NED,2026,Koopmeiners,teun-koopmeiners,20,80,CM/RM,36,36,false
NED,2026,De Jong,frenkie-de-jong,21,87,CM,39,39,false
NED,2026,Dumfries,denzel-dumfries,22,83,RB/RM,37,83,false
NED,2026,Flekken,mark-flekken,23,76,GK,0,76,false
NED,2026,Summerville,crysencio-summerville,24,76,LW/RW,76,9,false
NED,2026,Hato,jorrel-hato,25,78,LB/CB,9,78,false
NED,2026,Q. Timber,quinten-timber,26,76,CM/RM,34,34,false
NGA,1994,Rufai,peter-rufai,1,79,GK,0,79,false
NGA,1994,Eguavoen,augustine-eguavoen,2,76,RB/RM,34,76,false
NGA,1994,Iroha,benedict-iroha,3,75,LB/LM,34,75,false
NGA,1994,Keshi,stephen-keshi,4,78,CB/CM,35,78,false
NGA,1994,Okechukwu,uche-okechukwu,5,76,CB,9,76,false
NGA,1994,Nwanu,chidi-nwanu,6,72,CB/RB,9,72,false
NGA,1994,Finidi,finidi-george,7,83,RW/ST,83,10,false
NGA,1994,Oliha,thompson-oliha,8,74,RM/CM,33,33,false
NGA,1994,Yekini,rashidi-yekini,9,83,ST,83,10,false
NGA,1994,Okocha,jay-jay-okocha,10,85,RM/CM,38,38,true
NGA,1994,Amunike,emmanuel-amunike,11,82,LW/LM,82,37,false
NGA,1994,Siasia,samson-siasia,12,73,CM/ST,73,33,false
NGA,1994,Ezeugo,emeka-ezeugo,13,71,CB/RM,32,71,false
NGA,1994,Amokachi,daniel-amokachi,14,82,ST/RW,82,10,false
NGA,1994,Oliseh,sunday-oliseh,15,77,RM/CM,35,35,false
NGA,1994,Agu,alloysius-agu,16,68,GK,0,68,false
NGA,1994,Ikpeba,victor-ikpeba,17,78,ST/LW,78,9,false
NGA,1994,Ekoku,efan-ekoku,18,75,ST/RW,75,9,false
NGA,1994,Emenalo,michael-emenalo,19,71,LB/CB,9,71,false
NGA,1994,Okafor,uche-okafor,20,72,CB,9,72,false
NGA,1994,Adepoju,mutiu-adepoju,21,74,RM/CM,33,33,false
NGA,1994,Agbonavbare,wilfred-agbonavbare,22,66,GK,0,66,false
NGA,1998,Rufai,peter-rufai,1,82,GK,0,82,false
NGA,1998,Oparaku,mobi-oparaku,2,73,RB/CB,9,73,false
NGA,1998,Babayaro,celestine-babayaro,3,80,LB/CB,10,80,false
NGA,1998,Kanu,nwankwo-kanu,4,88,ST/LW,88,11,true
NGA,1998,Okechukwu,uche-okechukwu,5,78,CB,9,78,false
NGA,1998,West,taribo-west,6,84,CB/LB,10,84,false
NGA,1998,Finidi,finidi-george,7,85,RW/RM,85,38,false
NGA,1998,Adepoju,mutiu-adepoju,8,76,CM/RM,34,34,false
NGA,1998,Yekini,rashidi-yekini,9,79,ST,79,9,false
NGA,1998,Okocha,jay-jay-okocha,10,89,CM/LW,89,40,true
NGA,1998,Lawal,garba-lawal,11,79,CM/RM,36,36,false
NGA,1998,W. Okpara,willy-okpara,12,70,GK,0,70,false
NGA,1998,Babangida,tijani-babangida,13,80,LW/CM,80,36,false
NGA,1998,Amokachi,daniel-amokachi,14,82,ST,82,10,false
NGA,1998,Oliseh,sunday-oliseh,15,81,CM/CB,36,81,false
NGA,1998,Okafor,uche-okafor,16,72,CB/RB,9,72,false
NGA,1998,Eguavoen,augustine-eguavoen,17,74,RB/CB,9,74,false
NGA,1998,Oruma,wilson-oruma,18,77,CM/LM,35,35,false
NGA,1998,Iroha,benedict-iroha,19,72,LB/CB,9,72,false
NGA,1998,Ikpeba,victor-ikpeba,20,81,ST/LW,81,10,false
NGA,1998,G. Okpara,godwin-okpara,21,71,CB/RB,9,71,false
NGA,1998,Baruwa,abiodun-baruwa,22,68,GK,0,68,false
NGA,2014,Enyeama,vincent-enyeama,1,84,GK,0,84,true
NGA,2014,Yobo,joseph-yobo,2,80,CB,10,80,false
NGA,2014,Uzoenyi,ejike-uzoenyi,3,73,LM/LW,73,33,false
NGA,2014,Gabriel,reuben-gabriel,4,73,CM/RM,33,33,false
NGA,2014,Ambrose,efe-ambrose,5,79,CB,9,79,false
NGA,2014,Egwuekwe,azubuike-egwuekwe,6,74,CB,9,74,false
NGA,2014,Musa,ahmed-musa,7,83,LW/RW,83,10,false
NGA,2014,Odemwingie,peter-odemwingie,8,79,ST/RW,79,9,false
NGA,2014,Emenike,emmanuel-emenike,9,81,ST,81,10,false
NGA,2014,Mikel,john-obi-mikel,10,83,CM,37,37,true
NGA,2014,Moses,victor-moses,11,82,RW/LW,82,10,false
NGA,2014,Odunlami,kunle-odunlami,12,70,RB/CB,8,70,false
NGA,2014,Oshaniwa,juwon-oshaniwa,13,74,LB/CB,9,74,false
NGA,2014,Oboabona,godfrey-oboabona,14,76,CB,9,76,false
NGA,2014,Ejide,austin-ejide,16,72,GK,0,72,false
NGA,2014,Onazi,ogenyi-onazi,17,78,CM,35,35,false
NGA,2014,Babatunde,michael-babatunde,18,72,LM/LW,72,32,false
NGA,2014,Nwofor,uche-nwofor,19,73,ST,73,9,false
NGA,2014,Uchebo,michael-uchebo,20,72,ST/LW,72,9,false
NGA,2014,Agbim,chigozie-agbim,21,70,GK,0,70,false
NGA,2014,Omeruo,kenneth-omeruo,22,77,CB/RB,9,77,false
NGA,2014,Ameobi,shola-ameobi,23,75,ST,75,9,false
PAR,1986,Fernández,roberto-fernandez,1,76,GK,0,76,false
PAR,1986,Torales,juan-torales,2,74,RB,9,74,false
PAR,1986,Zabala,cesar-zabala,3,72,CB,9,72,false
PAR,1986,Schettina,vladimiro-schettina,4,75,CB,9,75,false
PAR,1986,Delgado,rogelio-delgado,5,76,CB,9,76,false
PAR,1986,Nunes,jorge-amado-nunes,6,75,CM/RM,34,34,false
PAR,1986,Ferreira,buenaventura-ferreira,7,73,LW/LM,73,33,false
PAR,1986,Romero,julio-cesar-romero,8,82,CM,37,37,true
PAR,1986,Cabañas,roberto-cabanas,9,84,ST,84,10,true
PAR,1986,Cañete,adolfino-canete,10,76,CM/RW,76,34,false
PAR,1986,Mendoza,alfredo-mendoza,11,73,LW/ST,73,9,false
PAR,1986,Battaglia,jorge-battaglia,12,68,GK,0,68,false
PAR,1986,Cáceres,virginio-caceres,13,72,CB/LB,9,72,false
PAR,1986,Caballero,luis-caballero,14,70,RB/CB,8,70,false
PAR,1986,Cabral,eufemio-cabral,15,72,ST,72,9,false
PAR,1986,Guasch,jorge-guasch,16,70,CM/LM,32,32,false
PAR,1986,Alcaraz,francisco-alcaraz,17,71,RW/ST,71,9,false
PAR,1986,Isasi,evaristo-isasi,18,73,RW/LW,73,9,false
PAR,1986,Chilavert,rolando-chilavert,19,72,LM/RM,32,32,false
PAR,1986,Hicks,ramon-hicks,20,73,ST/LW,73,9,false
PAR,1986,Alonso,faustino-alonso,21,70,LW/RW,70,8,false
PAR,1986,Coronel,julian-coronel,22,66,GK,0,66,false
PAR,1998,Chilavert,jose-luis-chilavert,1,89,GK,22,89,true
PAR,1998,Arce,francisco-arce,2,78,RB/RM,35,78,false
PAR,1998,Rivarola,catalino-rivarola,3,74,CB/LB,9,74,false
PAR,1998,Gamarra,carlos-gamarra,4,84,CB,10,84,true
PAR,1998,Ayala,celso-ayala,5,80,CB,10,80,false
PAR,1998,Aguilera,edgar-aguilera,6,68,CB/LB,8,68,false
PAR,1998,Yegros,julio-cesar-yegros,7,72,CM/LM,32,32,false
PAR,1998,A. Rojas,aristides-rojas,8,70,ST/LW,70,8,false
PAR,1998,Cardozo,jose-cardozo,9,82,ST,82,10,false
PAR,1998,Acuña,roberto-acuna,10,80,CM/LM,36,36,false
PAR,1998,Sarabia,pedro-sarabia,11,74,CB/RB,9,74,false
PAR,1998,Aceval,danilo-aceval,12,67,GK,0,67,false
PAR,1998,Paredes,carlos-paredes,13,75,CM/RM,34,34,false
PAR,1998,R. Rojas,ricardo-rojas,14,72,CB/RB,9,72,false
PAR,1998,M. Benítez,miguel-angel-benitez,15,76,ST/LW,76,9,false
PAR,1998,Enciso,julio-cesar-enciso,16,71,CM/RM,32,32,false
PAR,1998,Brizuela,hugo-brizuela,17,71,ST/RW,71,9,false
PAR,1998,C. Ramírez,cesar-ramirez,18,69,ST/LW,69,8,false
PAR,1998,Morales,carlos-morales,19,68,CM/LM,31,31,false
PAR,1998,Caniza,denis-caniza,20,77,RB/RM,35,77,false
PAR,1998,J. Campos,jorge-luis-campos,21,70,CM/LM,32,32,false
PAR,1998,Ruiz Díaz,ruben-ruiz-diaz,22,67,GK,0,67,false
PAR,2010,Villar,justo-villar,1,80,GK,0,80,false
PAR,2010,Verón,dario-veron,2,73,CB,9,73,false
PAR,2010,Morel,claudio-morel,3,76,LB/CB,9,76,false
PAR,2010,Caniza,denis-caniza,4,75,RB/CB,9,75,false
PAR,2010,J.C. Cáceres,julio-cesar-caceres,5,77,CB,9,77,false
PAR,2010,Bonet,carlos-bonet,6,74,RB/RM,33,74,false
PAR,2010,Cardozo,oscar-cardozo,7,81,ST/RW,81,10,false
PAR,2010,É. Barreto,edgar-barreto,8,76,CM/RM,34,34,false
PAR,2010,Santa Cruz,roque-santa-cruz,9,82,ST/LW,82,10,false
PAR,2010,Benítez,edgar-benitez,10,73,RW/LW/ST,73,9,false
PAR,2010,Santana,jonathan-santana,11,75,LM/CM,34,34,false
PAR,2010,D. Barreto,diego-barreto,12,71,GK,0,71,false
PAR,2010,Vera,enrique-vera,13,74,CM/RM,33,33,false
PAR,2010,Da Silva,paulo-da-silva,14,78,CB,9,78,false
PAR,2010,V. Cáceres,victor-caceres,15,74,CM/RM,33,33,false
PAR,2010,Riveros,cristian-riveros,16,79,CM/LM,36,36,false
PAR,2010,Torres,aureliano-torres,17,72,LB/RB,9,72,false
PAR,2010,Valdez,nelson-haedo-valdez,18,80,LW/ST,80,10,false
PAR,2010,Barrios,lucas-barrios,19,78,ST/LW,78,9,false
PAR,2010,Ortigoza,nestor-ortigoza,20,73,CM,33,33,false
PAR,2010,Alcaraz,antolin-alcaraz,21,75,CB,9,75,false
PAR,2010,Bobadilla,aldo-bobadilla,22,70,GK,0,70,false
PAR,2010,Gamarra,rodolfo-gamarra,23,68,ST/RW,68,8,false
PER,1970,Rubiños,luis-rubinos,1,75,GK,0,75,false
PER,1970,Campos,eloy-campos,2,74,RB/CB,9,74,false
PER,1970,De la Torre,orlando-de-la-torre,3,74,CB/RB,9,74,false
PER,1970,Chumpitaz,hector-chumpitaz,4,82,CB/CM,37,82,true
PER,1970,Fuentes,nicolas-fuentes,5,75,LB/CB,9,75,false
PER,1970,Mifflin,ramon-mifflin,6,78,CM/LM,35,35,false
PER,1970,Challe,roberto-challe,7,79,CM/RM,36,36,false
PER,1970,Baylón,julio-baylon,8,76,RW/LM,76,34,false
PER,1970,León,pedro-pablo-leon,9,79,ST/LW,79,9,false
PER,1970,Cubillas,teofilo-cubillas,10,85,CM/ST,85,38,true
PER,1970,Gallardo,alberto-gallardo,11,78,LW/LM,78,35,false
PER,1970,Correa,ruben-correa,12,69,GK,0,69,false
PER,1970,P. González,pedro-gonzalez,13,72,CM/RM,32,32,false
PER,1970,Fernández,jose-fernandez,14,72,CB/RB,9,72,false
PER,1970,J. González,javier-gonzalez,15,71,CM/LM,32,32,false
PER,1970,Salinas,felix-salinas,16,70,CB/LB,8,70,false
PER,1970,Cruzado,luis-cruzado,17,74,CM/RM,33,33,false
PER,1970,Del Castillo,jose-del-castillo,18,72,ST/RW,72,9,false
PER,1970,Reyes,eladio-reyes,19,70,ST/LW,70,8,false
PER,1970,Sotil,hugo-sotil,20,79,ST/CM,79,36,false
PER,1970,Goyzueta,jesus-goyzueta,21,68,GK,0,68,false
PER,1970,Ramírez,oswaldo-ramirez,22,76,ST/RW,76,9,false
PER,1978,Sartor,ottorino-sartor,1,76,GK,0,76,false
PER,1978,Duarte,jaime-duarte,2,74,RB/RM,33,74,false
PER,1978,Manzo,rodolfo-manzo,3,74,CB/RB,9,74,false
PER,1978,Chumpitaz,hector-chumpitaz,4,80,CB/CM,36,80,true
PER,1978,Díaz,ruben-toribio-diaz,5,75,LB/CB,9,75,false
PER,1978,Velásquez,jose-velasquez,6,76,CM/RM,34,34,false
PER,1978,Muñante,juan-munante,7,78,RW/LM,78,35,false
PER,1978,Cueto,cesar-cueto,8,80,CM/LM,36,36,false
PER,1978,Percy Rojas,percy-rojas,9,75,ST/CM,75,34,false
PER,1978,Cubillas,teofilo-cubillas,10,85,CM/RM,38,38,true
PER,1978,Oblitas,juan-carlos-oblitas,11,78,LW/ST,78,9,false
PER,1978,Mosquera,roberto-mosquera,12,70,ST/LW,70,8,false
PER,1978,Cáceres,juan-caceres,13,68,GK,0,68,false
PER,1978,Navarro,jose-navarro,14,71,RB/CB,9,71,false
PER,1978,Leguía,german-leguia,15,72,CM/RM,32,32,false
PER,1978,Gorriti,raul-gorriti,16,70,CM/LM,32,32,false
PER,1978,Quesada,alfredo-quesada,17,75,CM/RM,34,34,false
PER,1978,Labarthe,ernesto-labarthe,18,68,CM/LM,31,31,false
PER,1978,La Rosa,guillermo-la-rosa,19,72,ST/RW,72,9,false
PER,1978,Sotil,hugo-sotil,20,79,ST/CM,79,36,false
PER,1978,Quiroga,ramon-quiroga,21,77,GK,0,77,false
PER,1978,Roberto Rojas,roberto-rojas,22,69,LB/CB,8,69,false
POL,1974,Fischer,andrzej-fischer,1,68,GK,0,68,false
POL,1974,Tomaszewski,jan-tomaszewski,2,84,GK,0,84,false
POL,1974,Kalinowski,zygmunt-kalinowski,3,67,GK,0,67,false
POL,1974,Szymanowski,antoni-szymanowski,4,80,RB/RM,36,80,false
POL,1974,Gut,zbigniew-gut,5,70,CB/LB,8,70,false
POL,1974,Gorgoń,jerzy-gorgon,6,82,CB,10,82,false
POL,1974,Wieczorek,henryk-wieczorek,7,73,CM/LM,33,33,false
POL,1974,Bulzacki,miroslaw-bulzacki,8,72,CB/RB,9,72,false
POL,1974,Żmuda,wladyslaw-zmuda,9,83,CB/RB,10,83,false
POL,1974,Musiał,adam-musial,10,78,LB/LM,35,78,false
POL,1974,Ćmikiewicz,leslaw-cmikiewicz,11,73,CM/RM,33,33,false
POL,1974,Deyna,kazimierz-deyna,12,86,CM/RM,39,39,true
POL,1974,Kasperczak,henryk-kasperczak,13,79,RM/CM,36,36,false
POL,1974,Maszczyk,zygmunt-maszczyk,14,77,CM/RM,35,35,false
POL,1974,Jakóbczak,roman-jakobczak,15,69,ST/RW,69,8,false
POL,1974,Lato,grzegorz-lato,16,86,RW/ST,86,10,true
POL,1974,Szarmach,andrzej-szarmach,17,83,ST/LW,83,10,false
POL,1974,Gadocha,robert-gadocha,18,82,LW/LM,82,37,false
POL,1974,Domarski,jan-domarski,19,74,ST/RW,74,9,false
POL,1974,Kapka,zdzislaw-kapka,20,69,LM/LW,69,31,false
POL,1974,Kmiecik,kazimierz-kmiecik,21,71,ST/LW,71,9,false
POL,1974,Kusto,marek-kusto,22,70,ST/RW,70,8,false
POL,1978,Tomaszewski,jan-tomaszewski,1,85,GK,0,85,false
POL,1978,Mazur,wlodzimierz-mazur,2,70,ST/LW,70,8,false
POL,1978,Maculewicz,henryk-maculewicz,3,75,LB/CB,9,75,false
POL,1978,Szymanowski,antoni-szymanowski,4,79,RB/CB,9,79,false
POL,1978,Nawałka,adam-nawalka,5,74,CM/RM,33,33,false
POL,1978,Gorgoń,jerzy-gorgon,6,80,CB,10,80,false
POL,1978,Iwan,andrzej-iwan,7,73,RW/ST,73,9,false
POL,1978,Kasperczak,henryk-kasperczak,8,80,CM/RM,36,36,false
POL,1978,Żmuda,wladyslaw-zmuda,9,86,CB/RB,10,86,false
POL,1978,Rudy,wojciech-rudy,10,73,RB/CB,9,73,false
POL,1978,Masztaler,bohdan-masztaler,11,74,CM/LM,33,33,false
POL,1978,Deyna,kazimierz-deyna,12,89,CM,40,40,true
POL,1978,Kupcewicz,janusz-kupcewicz,13,71,RB/RM,32,71,false
POL,1978,Justek,miroslaw-justek,14,72,CB/LB,9,72,false
POL,1978,Kusto,marek-kusto,15,73,CM/RM,33,33,false
POL,1978,Lato,grzegorz-lato,16,87,RW/ST,87,10,true
POL,1978,Szarmach,andrzej-szarmach,17,83,ST,83,10,false
POL,1978,Boniek,zbigniew-boniek,18,88,ST/RW,88,11,true
POL,1978,Lubański,wlodzimierz-lubanski,19,85,ST,85,10,false
POL,1978,Wójcicki,roman-wojcicki,20,68,RB/CB,8,68,false
POL,1978,Kukla,zygmunt-kukla,21,70,GK,0,70,false
POL,1978,Kostrzewa,zdzislaw-kostrzewa,22,67,GK,0,67,false
POL,1982,Młynarczyk,jozef-mlynarczyk,1,81,GK,0,81,false
POL,1982,Dziuba,marek-dziuba,2,76,RB/RM,34,76,false
POL,1982,Kupcewicz,janusz-kupcewicz,3,79,CM/RM,36,36,false
POL,1982,Dolny,tadeusz-dolny,4,70,RB/CB,8,70,false
POL,1982,Janas,pawel-janas,5,80,CB,10,80,false
POL,1982,Skrobowski,piotr-skrobowski,6,68,CB/LB,8,68,false
POL,1982,Jałocha,jan-jalocha,7,73,LB/LM,33,73,false
POL,1982,Matysik,waldemar-matysik,8,77,RM/CM,35,35,false
POL,1982,Żmuda,wladyslaw-zmuda,9,84,CB/RB,10,84,false
POL,1982,Majewski,stefan-majewski,10,75,CB/RB,9,75,false
POL,1982,Smolarek,wlodzimierz-smolarek,11,81,LW/ST,81,10,false
POL,1982,Wójcicki,roman-wojcicki,12,76,CB/LB,9,76,false
POL,1982,Buncol,andrzej-buncol,13,74,CM/LM,33,33,false
POL,1982,Pałasz,andrzej-palasz,14,71,LM/CM,32,32,false
POL,1982,Ciołek,wlodzimierz-ciolek,15,72,ST/LW,72,9,false
POL,1982,Lato,grzegorz-lato,16,83,RW/ST,83,10,true
POL,1982,Szarmach,andrzej-szarmach,17,80,ST/LW,80,10,false
POL,1982,Kusto,marek-kusto,18,71,ST/RW,71,9,false
POL,1982,Iwan,andrzej-iwan,19,74,ST/RW,74,9,false
POL,1982,Boniek,zbigniew-boniek,20,86,CM/RW/ST,86,39,true
POL,1982,Kazimierski,jacek-kazimierski,21,68,GK,0,68,false
POL,1982,Mowlik,piotr-mowlik,22,67,GK,0,67,false
POR,2006,Ricardo,ricardo,1,83,GK,0,83,false
POR,2006,Paulo Ferreira,paulo-ferreira,2,80,RB/RM,36,80,false
POR,2006,Caneira,marco-caneira,3,74,LB/CB,9,74,false
POR,2006,Ricardo Costa,ricardo-costa,4,68,CB,8,68,false
POR,2006,Meira,fernando-meira,5,78,CB,9,78,false
POR,2006,Costinha,costinha,6,80,CM,36,36,false
POR,2006,Figo,luis-figo,7,88,RM/CM/RW,88,40,true
POR,2006,Petit,petit,8,78,CM,35,35,false
POR,2006,Pauleta,pauleta,9,83,ST,83,10,false
POR,2006,Hugo Viana,hugo-viana,10,71,CM/LM,32,32,false
POR,2006,Simão,simao,11,82,LW/LM/RW,82,37,false
POR,2006,Quim,quim,12,74,GK,0,74,false
POR,2006,Miguel,miguel,13,79,RB/RM,36,79,false
POR,2006,Nuno Valente,nuno-valente,14,74,LB,9,74,false
POR,2006,Boa Morte,luis-boa-morte,15,72,LM/LW/ST,72,32,false
POR,2006,Ricardo Carvalho,ricardo-carvalho,16,86,CB,10,86,false
POR,2006,Cristiano Ronaldo,cristiano-ronaldo,17,85,RW/LW/ST,85,10,true
POR,2006,Maniche,maniche,18,81,CM/RM,36,36,false
POR,2006,Tiago,tiago,19,78,CM,35,35,false
POR,2006,Deco,deco,20,87,CM,39,39,true
POR,2006,Nuno Gomes,nuno-gomes,21,78,ST,78,9,false
POR,2006,Paulo Santos,paulo-santos,22,66,GK,0,66,false
POR,2006,Postiga,helder-postiga,23,74,ST/LW,74,9,false
POR,2018,Rui Patrício,rui-patricio,1,84,GK,0,84,false
POR,2018,Bruno Alves,bruno-alves,2,74,CB,9,74,false
POR,2018,Pepe,pepe,3,84,CB,10,84,false
POR,2018,Manuel Fernandes,manuel-fernandes,4,72,CM,32,32,false
POR,2018,Guerreiro,raphael-guerreiro,5,81,LB/LM,36,81,false
POR,2018,José Fonte,jose-fonte,6,74,CB,9,74,false
POR,2018,Cristiano Ronaldo,cristiano-ronaldo,7,92,ST/LW/RW,92,11,true
POR,2018,Moutinho,joao-moutinho,8,82,CM/RM,37,37,false
POR,2018,André Silva,andre-silva,9,76,ST,76,9,false
POR,2018,João Mário,joao-mario,10,75,CM/RM,34,34,false
POR,2018,Bernardo Silva,bernardo-silva,11,84,RM/CM/RW,84,38,false
POR,2018,Anthony Lopes,anthony-lopes,12,76,GK,0,76,false
POR,2018,Rúben Dias,ruben-dias,13,77,CB,9,77,false
POR,2018,William Carvalho,william-carvalho,14,79,CM,36,36,false
POR,2018,Ricardo Pereira,ricardo-pereira,15,77,RB/RM,35,77,false
POR,2018,Bruno Fernandes,bruno-fernandes,16,78,CM/RM,35,35,false
POR,2018,Gonçalo Guedes,goncalo-guedes,17,76,LW/ST/RW,76,9,false
POR,2018,Gelson Martins,gelson-martins,18,75,RW/LW,75,9,false
POR,2018,Mário Rui,mario-rui,19,71,LB,9,71,false
POR,2018,Quaresma,ricardo-quaresma,20,77,RW/LW,77,9,false
POR,2018,Cédric,cedric,21,74,RB/RM,33,74,false
POR,2018,Beto,beto,22,66,GK,0,66,false
POR,2018,Adrien Silva,adrien-silva,23,73,CM,33,33,false
POR,2022,Rui Patrício,rui-patricio,1,81,GK,0,81,false
POR,2022,Dalot,diogo-dalot,2,78,RB/RM,35,78,false
POR,2022,Pepe,pepe,3,80,CB,10,80,false
POR,2022,Rúben Dias,ruben-dias,4,86,CB,10,86,false
POR,2022,Guerreiro,raphael-guerreiro,5,80,LB/LM,36,80,false
POR,2022,Palhinha,joao-palhinha,6,79,CM,36,36,false
POR,2022,Cristiano Ronaldo,cristiano-ronaldo,7,86,ST/LW,86,10,true
POR,2022,Bruno Fernandes,bruno-fernandes,8,85,CM/RM,38,38,false
POR,2022,André Silva,andre-silva,9,76,ST,76,9,false
POR,2022,Bernardo Silva,bernardo-silva,10,86,CM/RM/RW,86,39,false
POR,2022,João Félix,joao-felix,11,80,ST/LW/CM,80,36,false
POR,2022,José Sá,jose-sa,12,74,GK,0,74,false
POR,2022,Danilo Pereira,danilo-pereira,13,76,CM/CB,34,76,false
POR,2022,William Carvalho,william-carvalho,14,77,CM,35,35,false
POR,2022,Rafael Leão,rafael-leao,15,82,LW/ST,82,10,false
POR,2022,Vitinha,vitinha,16,78,CM,35,35,false
POR,2022,João Mário,joao-mario,17,75,CM/RM,34,34,false
POR,2022,Rúben Neves,ruben-neves,18,78,CM,35,35,false
POR,2022,Nuno Mendes,nuno-mendes,19,80,LB/LM,36,80,false
POR,2022,Cancelo,joao-cancelo,20,84,RB/LB/RM,38,84,false
POR,2022,Ricardo Horta,ricardo-horta,21,73,LW/ST/RW,73,9,false
POR,2022,Diogo Costa,diogo-costa,22,79,GK,0,79,false
POR,2022,Matheus Nunes,matheus-nunes,23,76,CM,34,34,false
POR,2022,António Silva,antonio-silva,24,74,CB,9,74,false
POR,2022,Otávio,otavio,25,75,RM/CM/RW,75,34,false
POR,2022,Gonçalo Ramos,goncalo-ramos,26,76,ST,76,9,false
POR,2026,Diogo Costa,diogo-costa,1,85,GK,0,85,false
POR,2026,Nélson Semedo,nelson-semedo,2,80,RB/RM,36,80,false
POR,2026,Rúben Dias,ruben-dias,3,88,CB,11,88,false
POR,2026,Tomás Araújo,tomas-araujo,4,78,CB,9,78,false
POR,2026,Dalot,diogo-dalot,5,82,RB/RM/LB,37,82,false
POR,2026,Matheus Nunes,matheus-nunes,6,80,CM/RM,36,36,false
POR,2026,Cristiano Ronaldo,cristiano-ronaldo,7,85,ST/LW,85,10,true
POR,2026,Bruno Fernandes,bruno-fernandes,8,89,CM/RM,40,40,false
POR,2026,Gonçalo Ramos,goncalo-ramos,9,81,ST,81,10,false
POR,2026,Bernardo Silva,bernardo-silva,10,88,CM/RM/RW,88,40,false
POR,2026,João Félix,joao-felix,11,80,ST/LW/CM,80,36,false
POR,2026,José Sá,jose-sa,12,76,GK,0,76,false
POR,2026,Renato Veiga,renato-veiga,13,77,CB/LB,9,77,false
POR,2026,Gonçalo Inácio,goncalo-inacio,14,82,CB,10,82,false
POR,2026,João Neves,joao-neves,15,86,CM/RM,39,39,false
POR,2026,Trincão,francisco-trincao,16,79,RW/LW/ST,79,9,false
POR,2026,Rafael Leão,rafael-leao,17,85,LW/ST/LM,85,38,false
POR,2026,Pedro Neto,pedro-neto,18,80,RW/LW/LM,80,36,false
POR,2026,Gonçalo Guedes,goncalo-guedes,19,77,LW/ST/RW,77,9,false
POR,2026,Cancelo,joao-cancelo,20,83,RB/LB/RM,37,83,false
POR,2026,Rúben Neves,ruben-neves,21,79,CM,36,36,false
POR,2026,Rui Silva,rui-silva,22,75,GK,0,75,false
POR,2026,Vitinha,vitinha,23,86,CM/RM,39,39,false
POR,2026,Samú Costa,samu-costa,24,75,CM/RM,34,34,false
POR,2026,Nuno Mendes,nuno-mendes,25,85,LB/LM,38,85,false
POR,2026,Francisco Conceição,francisco-conceicao,26,78,RW/LW/LM,78,35,false
ROU,1970,Răducanu,necula-raducanu,1,76,GK,0,76,false
ROU,1970,Sătmăreanu,lajos-satmareanu,2,72,RB,9,72,false
ROU,1970,Lupescu,nicolae-lupescu,3,73,CB/LB,9,73,false
ROU,1970,Mocanu,mihai-mocanu,4,73,CB,9,73,false
ROU,1970,Dinu,cornel-dinu,5,77,CB/RM,35,77,false
ROU,1970,Coe,dan-coe,6,72,RM/CM,32,32,false
ROU,1970,Dembrovschi,emerich-dembrovschi,7,78,LW/RW,78,9,false
ROU,1970,Dobrin,nicolae-dobrin,8,85,LW/CM,85,38,true
ROU,1970,Dumitrache,florea-dumitrache,9,80,ST,80,10,false
ROU,1970,Nunweiller,radu-nunweiller,10,76,CM/LM,34,34,false
ROU,1970,Lucescu,mircea-lucescu,11,83,LW/CM,83,37,true
ROU,1970,Ivăncescu,mihai-ivancescu,12,72,CB,9,72,false
ROU,1970,Deleanu,augustin-deleanu,13,71,RB/CB,9,71,false
ROU,1970,Gergely,vasile-gergely,14,74,CM/RM,33,33,false
ROU,1970,Dumitru,ion-dumitru,15,72,CM,32,32,false
ROU,1970,Neagu,alexandru-neagu,16,74,RW/CM,74,33,false
ROU,1970,Tătaru,gheorghe-tataru,17,75,CM,34,34,false
ROU,1970,Tufan,marin-tufan,18,71,RW/ST,71,9,false
ROU,1970,Domide,flavius-domide,19,72,LW/RW,72,9,false
ROU,1970,Pescaru,nicolae-pescaru,20,71,CM/RM,32,32,false
ROU,1970,Adamache,stere-adamache,21,73,GK,0,73,false
ROU,1970,Gornea,gheorghe-gornea,22,68,GK,0,68,false
ROU,1990,Lung,silviu-lung,1,78,GK,0,78,false
ROU,1990,Rednic,mircea-rednic,2,75,RB/CB,9,75,false
ROU,1990,Klein,michael-klein,3,74,LB/CB,9,74,false
ROU,1990,Andone,ioan-andone,4,76,CB,9,76,false
ROU,1990,I. Rotariu,iosif-rotariu,5,76,RM/CM,34,34,false
ROU,1990,Popescu,gheorghe-popescu,6,87,CB/CM,39,87,true
ROU,1990,Lăcătuș,marius-lacatus,7,82,LW/ST,82,10,false
ROU,1990,Sabău,ioan-sabau,8,78,CM/RW,78,35,false
ROU,1990,Cămătaru,rodion-camataru,9,75,ST,75,9,false
ROU,1990,Hagi,gheorghe-hagi,10,89,CM/LW,89,40,true
ROU,1990,Lupu,danut-lupu,11,76,CM/LW/LM,76,34,false
ROU,1990,Stelea,bogdan-stelea,12,74,GK,0,74,false
ROU,1990,A. Popescu,adrian-popescu,13,72,CB,9,72,false
ROU,1990,Răducioiu,florin-raducioiu,14,84,ST/LW,84,10,false
ROU,1990,Mateuț,dorin-mateut,15,78,CM/RW,78,35,false
ROU,1990,Timofte,daniel-timofte,16,75,CM/RM,34,34,false
ROU,1990,Dumitrescu,ilie-dumitrescu,17,80,ST/CM,80,36,false
ROU,1990,Balint,gabi-balint,18,79,RW/ST,79,9,false
ROU,1990,Săndoi,emil-sandoi,19,73,CB/LB,9,73,false
ROU,1990,Muzsnay,zsolt-muzsnay,20,73,CM/RM,33,33,false
ROU,1990,Lupescu,ioan-lupescu,21,76,CM/RM,34,34,false
ROU,1990,Liliac,gheorghe-liliac,22,68,GK,0,68,false
ROU,1994,Prunea,florin-prunea,1,76,GK,0,76,false
ROU,1994,Petrescu,dan-petrescu,2,82,RB/RM,37,82,false
ROU,1994,Prodan,daniel-prodan,3,78,CB,9,78,false
ROU,1994,Belodedici,miodrag-belodedici,4,80,CB,10,80,false
ROU,1994,Lupescu,ioan-lupescu,5,80,CM/RM,36,36,false
ROU,1994,Popescu,gheorghe-popescu,6,85,CM/CB,38,85,true
ROU,1994,Munteanu,dorinel-munteanu,7,81,CM/LM,36,36,false
ROU,1994,Chiriță,iulian-chirita,8,72,CM/RM,32,32,false
ROU,1994,Răducioiu,florin-raducioiu,9,83,ST/LW,83,10,false
ROU,1994,Hagi,gheorghe-hagi,10,88,CM/LM/LW,88,40,true
ROU,1994,Dumitrescu,ilie-dumitrescu,11,82,LW/ST/LM,82,37,false
ROU,1994,Stelea,bogdan-stelea,12,75,GK,0,75,false
ROU,1994,Selymes,tibor-selymes,13,76,LB/LM,34,76,false
ROU,1994,Mihali,gheorghe-mihali,14,75,CB,9,75,false
ROU,1994,Panduru,basarab-panduru,15,74,CM/RM,33,33,false
ROU,1994,Vlădoiu,ion-vladoiu,16,72,ST/RW,72,9,false
ROU,1994,Moldovan,viorel-moldovan,17,76,ST/RW,76,9,false
ROU,1994,Gâlcă,constantin-galca,18,74,CM/RM,33,33,false
ROU,1994,Papură,corneliu-papura,19,71,CB/LB,9,71,false
ROU,1994,Stîngă,ovidiu-stinga,20,74,CM/RW,74,33,false
ROU,1994,Ivan,marian-ivan,21,71,RW/ST,71,9,false
ROU,1994,Preda,stefan-preda,22,70,GK,0,70,false
RUS,2018,Akinfeev,igor-akinfeev,1,82,GK,0,82,false
RUS,2018,Fernandes,mario-fernandes,2,78,RB/RM,35,78,false
RUS,2018,Kutepov,ilya-kutepov,3,75,CB,9,75,false
RUS,2018,Ignashevich,sergei-ignashevich,4,77,CB,9,77,false
RUS,2018,Semyonov,andrei-semyonov,5,71,CB,9,71,false
RUS,2018,Cheryshev,denis-cheryshev,6,80,LM/LW/CM,80,36,false
RUS,2018,Kuzyayev,daler-kuzyayev,7,76,CM/RM,34,34,false
RUS,2018,Gazinsky,yury-gazinsky,8,73,CM/RM,33,33,false
RUS,2018,Dzagoev,alan-dzagoev,9,78,CM/LM,35,35,false
RUS,2018,Smolov,fyodor-smolov,10,77,ST/LW,77,9,false
RUS,2018,Zobnin,roman-zobnin,11,76,CM/RM,34,34,false
RUS,2018,Lunyov,andrey-lunyov,12,72,GK,0,72,false
RUS,2018,Kudryashov,fyodor-kudryashov,13,74,LB/CB,9,74,false
RUS,2018,Granat,vladimir-granat,14,72,CB/LB,9,72,false
RUS,2018,Al. Miranchuk,aleksei-miranchuk,15,76,CM/RW,76,34,false
RUS,2018,An. Miranchuk,anton-miranchuk,16,71,CM/LM,32,32,false
RUS,2018,Golovin,aleksandr-golovin,17,83,CM/RM/RW,83,37,false
RUS,2018,Zhirkov,yuri-zhirkov,18,78,LB/LM,35,78,false
RUS,2018,Samedov,aleksandr-samedov,19,74,RW/RM,74,33,false
RUS,2018,Gabulov,vladimir-gabulov,20,70,GK,0,70,false
RUS,2018,Yerokhin,aleksandr-yerokhin,21,72,CM/ST,72,32,false
RUS,2018,Dzyuba,artem-dzyuba,22,80,ST/LW,80,10,false
RUS,2018,Smolnikov,igor-smolnikov,23,74,RB/RM,33,74,false
SCO,1974,Harvey,david-harvey,1,78,GK,0,78,false
SCO,1974,Jardine,sandy-jardine,2,80,RB/CB,10,80,false
SCO,1974,McGrain,danny-mcgrain,3,82,RB,10,82,false
SCO,1974,Bremner,billy-bremner,4,88,CM,40,40,true
SCO,1974,Holton,jim-holton,5,76,CB,9,76,false
SCO,1974,Blackley,john-blackley,6,74,CB,9,74,false
SCO,1974,Johnstone,jimmy-johnstone,7,85,LM/RW,85,38,true
SCO,1974,Dalglish,kenny-dalglish,8,87,ST/CM,87,39,false
SCO,1974,Jordan,joe-jordan,9,81,ST,81,10,false
SCO,1974,Hay,david-hay,10,80,CM/RM,36,36,false
SCO,1974,Lorimer,peter-lorimer,11,84,ST/RW,84,10,false
SCO,1974,Allan,thomson-allan,12,72,GK,0,72,false
SCO,1974,Stewart,jim-stewart,13,68,GK,0,68,false
SCO,1974,Buchan,martin-buchan,14,79,CB,9,79,false
SCO,1974,Cormack,peter-cormack,15,75,CM,34,34,false
SCO,1974,Donachie,willie-donachie,16,75,LB/CB,9,75,false
SCO,1974,Ford,donald-ford,17,73,ST/CM,73,33,false
SCO,1974,Hutchison,tommy-hutchison,18,76,LW/CM,76,34,false
SCO,1974,Law,denis-law,19,86,ST,86,10,false
SCO,1974,Morgan,willie-morgan,20,77,RW/ST,77,9,false
SCO,1974,McQueen,gordon-mcqueen,21,76,CB,9,76,false
SCO,1974,Schaedler,erich-schaedler,22,72,LB/CB,9,72,false
SCO,1978,Rough,alan-rough,1,76,GK,0,76,false
SCO,1978,Jardine,sandy-jardine,2,77,RB/CB,9,77,false
SCO,1978,Donachie,willie-donachie,3,77,LB,9,77,false
SCO,1978,Buchan,martin-buchan,4,79,CB,9,79,false
SCO,1978,McQueen,gordon-mcqueen,5,78,CB,9,78,false
SCO,1978,Rioch,bruce-rioch,6,77,CM,35,35,false
SCO,1978,Masson,don-masson,7,76,CM,34,34,false
SCO,1978,Dalglish,kenny-dalglish,8,83,ST,83,10,true
SCO,1978,Jordan,joe-jordan,9,79,ST,79,9,false
SCO,1978,Hartford,asa-hartford,10,77,CM/LM,35,35,false
SCO,1978,Johnston,willie-johnston,11,76,LW/RW,76,9,false
SCO,1978,Blyth,jim-blyth,12,73,GK,0,73,false
SCO,1978,Kennedy,stuart-kennedy,13,74,RB,9,74,false
SCO,1978,Forsyth,tom-forsyth,14,75,CB,9,75,false
SCO,1978,Gemmill,archie-gemmill,15,79,CM,36,36,false
SCO,1978,Macari,lou-macari,16,77,CM/RW,77,35,false
SCO,1978,Johnstone,derek-johnstone,17,75,ST,75,9,false
SCO,1978,Souness,graeme-souness,18,82,CM,37,37,true
SCO,1978,Robertson,john-robertson,19,77,LW/LM,77,35,false
SCO,1978,Clark,bobby-clark,20,73,GK,0,73,false
SCO,1978,Harper,joe-harper,21,74,ST,74,9,false
SCO,1978,Burns,kenny-burns,22,78,CB/RM,35,78,false
SCO,1982,Rough,alan-rough,1,76,GK,0,76,false
SCO,1982,McGrain,danny-mcgrain,2,79,RB,9,79,false
SCO,1982,Gray,frank-gray,3,77,LB,9,77,false
SCO,1982,Souness,graeme-souness,4,83,CM,37,37,true
SCO,1982,Hansen,alan-hansen,5,82,CB,10,82,true
SCO,1982,Miller,willie-miller,6,80,CB,10,80,false
SCO,1982,Strachan,gordon-strachan,7,80,RM/RW,80,36,false
SCO,1982,Dalglish,kenny-dalglish,8,83,ST,83,10,true
SCO,1982,Brazil,alan-brazil,9,77,ST,77,9,false
SCO,1982,Wark,john-wark,10,79,CM,36,36,false
SCO,1982,Robertson,john-robertson,11,78,LW/LM,78,35,false
SCO,1982,Wood,george-wood,12,73,GK,0,73,false
SCO,1982,McLeish,alex-mcleish,13,78,CB,9,78,false
SCO,1982,Narey,david-narey,14,77,CB/CM,35,77,false
SCO,1982,Jordan,joe-jordan,15,78,ST,78,9,false
SCO,1982,Hartford,asa-hartford,16,76,CM/LM,34,34,false
SCO,1982,Evans,allan-evans,17,75,CB,9,75,false
SCO,1982,Archibald,steve-archibald,18,78,ST,78,9,false
SCO,1982,Sturrock,paul-sturrock,19,76,ST/LW,76,9,false
SCO,1982,Provan,david-provan,20,75,RW/LM,75,34,false
SCO,1982,Burley,george-burley,21,74,RB,9,74,false
SCO,1982,Leighton,jim-leighton,22,75,GK,0,75,false
SEN,2002,Sylva,tony-sylva,1,78,GK,0,78,false
SEN,2002,Daf,omar-daf,2,74,RB/RM,33,74,false
SEN,2002,Pape Sarr,pape-sarr,3,73,LB/LM,33,73,false
SEN,2002,Malick Diop,pape-malick-diop,4,73,CB,9,73,false
SEN,2002,N'Dour,alassane-ndour,5,71,CB/LB,9,71,false
SEN,2002,Cissé,aliou-cisse,6,77,CM/CB,35,77,false
SEN,2002,Henri Camara,henri-camara,7,78,RW/ST,78,9,false
SEN,2002,Traoré,amara-traore,8,72,ST,72,9,false
SEN,2002,S. Camara,souleymane-camara,9,71,LW/ST,71,9,false
SEN,2002,Fadiga,khalilou-fadiga,10,79,CM/LM,36,36,false
SEN,2002,Diouf,el-hadji-diouf,11,82,LW/RW/ST,82,10,false
SEN,2002,Faye,amdy-faye,12,73,CM/RM,33,33,false
SEN,2002,Diatta,lamine-diatta,13,75,CB,9,75,false
SEN,2002,M. N'Diaye,moussa-ndiaye,14,70,CM,32,32,false
SEN,2002,Diao,salif-diao,15,76,CM/RM,34,34,false
SEN,2002,Diallo,omar-diallo,16,69,GK,0,69,false
SEN,2002,Coly,ferdinand-coly,17,74,RB/RM,33,74,false
SEN,2002,Thiaw,pape-thiaw,18,71,ST/LW,71,9,false
SEN,2002,Bouba Diop,papa-bouba-diop,19,77,CM/RM,35,35,false
SEN,2002,S. N'Diaye,sylvain-ndiaye,20,71,CM/LM,32,32,false
SEN,2002,Beye,habib-beye,21,72,RB/LB,9,72,false
SEN,2002,Cissokho,kalidou-cissokho,22,66,GK,0,66,false
SEN,2002,Makhtar N'Diaye,makhtar-ndiaye,23,68,CM,31,31,false
SEN,2022,Dieng,seny-dieng,1,74,GK,0,74,false
SEN,2022,Koulibaly,kalidou-koulibaly,3,87,CB,10,87,false
SEN,2022,P.A. Cissé,pape-abou-cisse,4,76,CB,9,76,false
SEN,2022,Gana Gueye,idrissa-gana-gueye,5,86,CM/RM,39,39,false
SEN,2022,N. Mendy,nampalys-mendy,6,77,CM,35,35,false
SEN,2022,N. Jackson,nicolas-jackson,7,78,ST/RW,78,9,false
SEN,2022,Kouyaté,cheikhou-kouyate,8,78,CM/CB,35,78,false
SEN,2022,Dia,boulaye-dia,9,82,ST,82,10,false
SEN,2022,M. Ndiaye,moussa-ndiaye,10,72,CB,9,72,false
SEN,2022,Ballo-Touré,fode-ballo-toure,12,75,LB,9,75,false
SEN,2022,I. Ndiaye,iliman-ndiaye,13,79,ST/LW,79,9,false
SEN,2022,Jakobs,ismail-jakobs,14,77,LB/LW,77,77,false
SEN,2022,Diatta,krepin-diatta,15,82,RW/CM,82,37,false
SEN,2022,E. Mendy,edouard-mendy,16,87,GK,0,87,true
SEN,2022,P.M. Sarr,pape-matar-sarr,17,80,CM/LM,36,36,false
SEN,2022,I. Sarr,ismaila-sarr,18,83,RW/LW,83,10,false
SEN,2022,Diédhiou,famara-diedhiou,19,78,ST,78,9,false
SEN,2022,B. Dieng,bamba-dieng,20,76,ST/LW,76,9,false
SEN,2022,Sabaly,youssouf-sabaly,21,79,RB,9,79,false
SEN,2022,A. Diallo,abdou-diallo,22,80,CB/LB,10,80,false
SEN,2022,Gomis,alfred-gomis,23,73,GK,0,73,false
SEN,2022,P. Gueye,pape-gueye,26,74,CM,33,33,false
SRB,1990,Ivković,tomislav-ivkovic,1,78,GK,0,78,false
SRB,1990,Stanojković,vujadin-stanojkovic,2,77,RB/CB,9,77,false
SRB,1990,Spasić,predrag-spasic,3,77,CB,9,77,false
SRB,1990,Vulić,zoran-vulic,4,76,CB/RB,9,76,false
SRB,1990,Hadžibegić,faruk-hadzibegic,5,80,CB,10,80,false
SRB,1990,Jozić,davor-jozic,6,77,CB,9,77,false
SRB,1990,Brnović,dragoljub-brnovic,7,77,LB/LM,35,77,false
SRB,1990,Sušić,safet-susic,8,85,CM/LM,38,38,false
SRB,1990,Pančev,darko-pancev,9,84,ST,84,10,false
SRB,1990,Stojković,dragan-stojkovic,10,87,CM/RM,39,39,false
SRB,1990,Vujović,zlatko-vujovic,11,80,ST/LW,80,10,false
SRB,1990,Omerović,fahrudin-omerovic,12,73,GK,0,73,false
SRB,1990,Katanec,srecko-katanec,13,80,CM/RM,36,36,false
SRB,1990,Bokšić,alen-boksic,14,78,ST/LW,78,9,false
SRB,1990,Prosinečki,robert-prosinecki,15,84,CM/RM,38,38,false
SRB,1990,Šabanadžović,refik-sabanadzovic,16,77,CM/CB,35,77,false
SRB,1990,Jarni,robert-jarni,17,78,LB/LM,35,78,false
SRB,1990,Baljić,mirsad-baljic,18,74,CM,33,33,false
SRB,1990,Savićević,dejan-savicevic,19,84,CM/RW,84,38,false
SRB,1990,Šuker,davor-suker,20,79,ST/LW,79,9,false
SRB,1990,Panadić,andrej-panadic,21,72,CB,9,72,false
SRB,1990,Leković,dragoje-lekovic,22,72,GK,0,72,false
SRB,1998,Kralj,ivica-kralj,1,78,GK,0,78,false
SRB,1998,Mirković,zoran-mirkovic,2,79,RB/RM,36,79,false
SRB,1998,Đorović,goran-dorovic,3,76,CB/RB,9,76,false
SRB,1998,Jokanović,slavisa-jokanovic,4,79,CM/RM,36,36,false
SRB,1998,Đukić,miroslav-dukic,5,80,CB,10,80,false
SRB,1998,Brnović,branko-brnovic,6,76,CM/LM,34,34,false
SRB,1998,Jugović,vladimir-jugovic,7,82,CM/RM,37,37,false
SRB,1998,Savićević,dejan-savicevic,8,82,CM/RW,82,37,false
SRB,1998,Mijatović,predrag-mijatovic,9,85,ST/LW,85,10,false
SRB,1998,Stojković,dragan-stojkovic,10,84,CM/RM,38,38,false
SRB,1998,Mihajlović,sinisa-mihajlovic,11,83,CB/LB,10,83,false
SRB,1998,Leković,dragoje-lekovic,12,72,GK,0,72,false
SRB,1998,Komljenović,slobodan-komljenovic,13,76,CB/LB,9,76,false
SRB,1998,Saveljić,nisa-saveljic,14,76,CB,9,76,false
SRB,1998,Drulović,ljubinko-drulovic,15,78,LW/LM,78,35,false
SRB,1998,Petrović,zeljko-petrovic,16,75,RB/CB,9,75,false
SRB,1998,Milošević,savo-milosevic,17,81,ST,81,10,false
SRB,1998,Govedarica,dejan-govedarica,18,74,LM/CM,33,33,false
SRB,1998,Stević,miroslav-stevic,19,74,CM/RM,33,33,false
SRB,1998,Stanković,dejan-stankovic,20,80,CM/RM,36,36,false
SRB,1998,Ognjenović,perica-ognjenovic,21,76,RW/LW,76,9,false
SRB,1998,Kovačević,darko-kovacevic,22,81,ST/RW,81,10,false
SRB,2022,Dmitrović,marko-dmitrovic,1,78,GK,0,78,false
SRB,2022,Pavlović,strahinja-pavlovic,2,79,CB/LB,9,79,false
SRB,2022,Eraković,strahinja-erakovic,3,75,CB,9,75,false
SRB,2022,Milenković,nikola-milenkovic,4,82,CB/RB,10,82,false
SRB,2022,Veljković,milos-veljkovic,5,77,CB,9,77,false
SRB,2022,Maksimović,nemanja-maksimovic,6,78,CM/RM,35,35,false
SRB,2022,Radonjić,nemanja-radonjic,7,76,RW/LW,76,9,false
SRB,2022,Gudelj,nemanja-gudelj,8,79,CM/CB,36,79,false
SRB,2022,Mitrović,aleksandar-mitrovic,9,83,ST,83,10,false
SRB,2022,Tadić,dusan-tadic,10,83,LM/LW/CM,83,37,false
SRB,2022,Jović,luka-jovic,11,78,ST,78,9,false
SRB,2022,Rajković,predrag-rajkovic,12,76,GK,0,76,false
SRB,2022,Mitrović,stefan-mitrovic,13,74,CB,9,74,false
SRB,2022,Živković,andrija-zivkovic,14,76,RW/RM,76,34,false
SRB,2022,Babić,srdan-babic,15,73,CB,9,73,false
SRB,2022,Lukić,sasa-lukic,16,78,CM/RM,35,35,false
SRB,2022,Kostić,filip-kostic,17,82,LB/LM,37,82,false
SRB,2022,Vlahović,dusan-vlahovic,18,84,ST,84,10,false
SRB,2022,Račić,uros-racic,19,75,CM/RM,34,34,false
SRB,2022,Milinković-Savić,sergej-milinkovic-savic,20,85,CM/RM,38,38,false
SRB,2022,Đuričić,filip-duricic,21,75,LM/CM,34,34,false
SRB,2022,Lazović,darko-lazovic,22,75,RB/RW,75,75,false
SRB,2022,Milinković-Savić,vanja-milinkovic-savic,23,78,GK,0,78,false
SRB,2022,Ilić,ivan-ilic,24,76,CM/LM,34,34,false
SRB,2022,Mladenović,filip-mladenovic,25,74,LB/LM,33,74,false
SRB,2022,Grujić,marko-grujic,26,76,CM/RM,34,34,false
SUI,2006,Zuberbühler,pascal-zuberbuhler,1,79,GK,0,79,false
SUI,2006,Djourou,johan-djourou,2,75,CB,9,75,false
SUI,2006,Magnin,ludovic-magnin,3,77,LB,9,77,false
SUI,2006,Senderos,philippe-senderos,4,79,CB,9,79,false
SUI,2006,Margairaz,xavier-margairaz,5,73,CM/RM,33,33,false
SUI,2006,Vogel,johann-vogel,6,80,CM,36,36,false
SUI,2006,Cabanas,ricardo-cabanas,7,76,CM/LM,34,34,false
SUI,2006,Wicky,raphael-wicky,8,78,CM/RM,35,35,false
SUI,2006,Frei,alexander-frei,9,84,ST,84,10,true
SUI,2006,Gygax,daniel-gygax,10,75,RW/LW,75,9,false
SUI,2006,Streller,marco-streller,11,78,ST,78,9,false
SUI,2006,Benaglio,diego-benaglio,12,76,GK,0,76,false
SUI,2006,Grichting,stephane-grichting,13,74,CB,9,74,false
SUI,2006,D. Degen,david-degen,14,72,RW/RM,72,32,false
SUI,2006,Džemaili,blerim-dzemaili,15,73,CM/RM,33,33,false
SUI,2006,Barnetta,tranquillo-barnetta,16,80,RM/LM/CM,36,36,false
SUI,2006,Spycher,christoph-spycher,17,76,LB/RB,9,76,false
SUI,2006,Lustrinelli,mauro-lustrinelli,18,71,ST,71,9,false
SUI,2006,Behrami,valon-behrami,19,74,RM/CM,33,33,false
SUI,2006,Müller,patrick-muller,20,77,CB,9,77,false
SUI,2006,Coltorti,fabio-coltorti,21,71,GK,0,71,false
SUI,2006,Yakin,hakan-yakin,22,78,CM/LM,35,35,false
SUI,2006,P. Degen,philipp-degen,23,74,RB,9,74,false
SUI,2014,Benaglio,diego-benaglio,1,80,GK,0,80,false
SUI,2014,Lichtsteiner,stephan-lichtsteiner,2,82,RB,10,82,false
SUI,2014,Ziegler,reto-ziegler,3,74,LB/CB,9,74,false
SUI,2014,Senderos,philippe-senderos,4,76,CB,9,76,false
SUI,2014,von Bergen,steve-von-bergen,5,75,CB,9,75,false
SUI,2014,Lang,michael-lang,6,74,RB/CB,9,74,false
SUI,2014,Barnetta,tranquillo-barnetta,7,79,RM/LM/CM,36,36,false
SUI,2014,Inler,gokhan-inler,8,80,CM,36,36,false
SUI,2014,Seferović,haris-seferovic,9,76,ST,76,9,false
SUI,2014,Xhaka,granit-xhaka,10,80,CM,36,36,false
SUI,2014,Behrami,valon-behrami,11,78,RM/CM,35,35,false
SUI,2014,Sommer,yann-sommer,12,79,GK,0,79,false
SUI,2014,R. Rodríguez,ricardo-rodriguez,13,80,LB,10,80,false
SUI,2014,Stocker,valentin-stocker,14,75,LW/LM,75,34,false
SUI,2014,Džemaili,blerim-dzemaili,15,76,CM/RM,34,34,false
SUI,2014,G. Fernandes,gelson-fernandes,16,76,CM/RM,34,34,false
SUI,2014,Gavranović,mario-gavranovic,17,74,ST/LW,74,9,false
SUI,2014,Mehmedi,admir-mehmedi,18,76,RW/ST,76,9,false
SUI,2014,Drmić,josip-drmic,19,77,ST,77,9,false
SUI,2014,Djourou,johan-djourou,20,76,CB,9,76,false
SUI,2014,Bürki,roman-burki,21,75,GK,0,75,false
SUI,2014,Schär,fabian-schar,22,78,CB,9,78,false
SUI,2014,Shaqiri,xherdan-shaqiri,23,83,RW/CM,83,37,false
SUI,2018,Sommer,yann-sommer,1,83,GK,0,83,false
SUI,2018,Lichtsteiner,stephan-lichtsteiner,2,80,RB,10,80,false
SUI,2018,Moubandje,francois-moubandje,3,72,LB,9,72,false
SUI,2018,Elvedi,nico-elvedi,4,77,CB/RB,9,77,false
SUI,2018,Akanji,manuel-akanji,5,80,CB,10,80,false
SUI,2018,Lang,michael-lang,6,75,RB/CB,9,75,false
SUI,2018,Embolo,breel-embolo,7,77,ST/RW,77,9,false
SUI,2018,Freuler,remo-freuler,8,78,CM/RM,35,35,false
SUI,2018,Seferović,haris-seferovic,9,78,ST,78,9,false
SUI,2018,Xhaka,granit-xhaka,10,83,CM,37,37,false
SUI,2018,Behrami,valon-behrami,11,76,RM/CM,34,34,false
SUI,2018,Mvogo,yvon-mvogo,12,73,GK,0,73,false
SUI,2018,R. Rodríguez,ricardo-rodriguez,13,81,LB,10,81,false
SUI,2018,Zuber,steven-zuber,14,76,LM/LW,76,34,false
SUI,2018,Džemaili,blerim-dzemaili,15,75,CM/RM,34,34,false
SUI,2018,G. Fernandes,gelson-fernandes,16,74,RM/CM,33,33,false
SUI,2018,Zakaria,denis-zakaria,17,78,CM/RM,35,35,false
SUI,2018,Gavranović,mario-gavranovic,18,75,ST/LW,75,9,false
SUI,2018,Drmić,josip-drmic,19,75,ST,75,9,false
SUI,2018,Djourou,johan-djourou,20,75,CB,9,75,false
SUI,2018,Bürki,roman-burki,21,78,GK,0,78,false
SUI,2018,Schär,fabian-schar,22,79,CB,9,79,false
SUI,2018,Shaqiri,xherdan-shaqiri,23,83,RW/LW/CM,83,37,false
SWE,1974,Hellström,ronnie-hellstrom,1,86,GK,0,86,false
SWE,1974,J. Olsson,jan-olsson,2,75,RB/CB,9,75,false
SWE,1974,K. Karlsson,kent-karlsson,3,72,CB/RB,9,72,false
SWE,1974,Nordqvist,bjorn-nordqvist,4,85,CB,10,85,true
SWE,1974,B. Andersson,bjorn-andersson,5,73,CB,9,73,false
SWE,1974,Grahn,ove-grahn,6,77,CM/RM,35,35,false
SWE,1974,Bo Larsson,bo-larsson,7,84,LM/CM,38,38,true
SWE,1974,Torstensson,conny-torstensson,8,80,CM/RM,36,36,false
SWE,1974,Kindvall,ove-kindvall,9,83,ST,83,10,false
SWE,1974,R. Edström,ralf-edstrom,10,82,ST/LW,82,10,false
SWE,1974,Sandberg,roland-sandberg,11,81,RW/LM,81,36,false
SWE,1974,SG. Larsson,sven-gunnar-larsson,12,72,GK,0,72,false
SWE,1974,Grip,roland-grip,13,74,RB/CB,9,74,false
SWE,1974,Tapper,staffan-tapper,14,73,CM/RM,33,33,false
SWE,1974,Magnusson,benno-magnusson,15,70,LM/CM,32,32,false
SWE,1974,Ejderstedt,inge-ejderstedt,16,74,CM/RM,33,33,false
SWE,1974,Hagberg,goran-hagberg,17,66,GK,0,66,false
SWE,1974,Augustsson,jorgen-augustsson,18,69,CB/LB,8,69,false
SWE,1974,Cronqvist,claes-cronqvist,19,71,LM/CM,32,32,false
SWE,1974,Lindman,sven-lindman,20,72,CM/RM,32,32,false
SWE,1974,Persson,orjan-persson,21,76,CM/RW,76,34,false
SWE,1974,Ahlström,thomas-ahlstrom,22,68,CM/RM,31,31,false
SWE,1994,Ravelli,thomas-ravelli,1,82,GK,0,82,false
SWE,1994,R. Nilsson,roland-nilsson,2,79,RB/RM,36,79,false
SWE,1994,P. Andersson,patrik-andersson,3,80,CB,10,80,false
SWE,1994,Björklund,joachim-bjorklund,4,78,CB,9,78,false
SWE,1994,Ljung,roger-ljung,5,75,LB/LM,34,75,false
SWE,1994,Schwarz,stefan-schwarz,6,81,CM/LM,36,36,false
SWE,1994,H. Larsson,henrik-larsson,7,78,RW/ST,78,9,false
SWE,1994,Ingesson,klas-ingesson,8,77,CM/RM,35,35,false
SWE,1994,Thern,jonas-thern,9,82,CM/RM,37,37,false
SWE,1994,Dahlin,martin-dahlin,10,82,ST/LW,82,10,false
SWE,1994,Brolin,tomas-brolin,11,85,RW/CM,85,38,true
SWE,1994,L. Eriksson,lars-eriksson,12,71,GK,0,71,false
SWE,1994,M. Nilsson,mikael-nilsson,13,72,RB/CB,9,72,false
SWE,1994,Kåmark,pontus-kamark,14,75,CB/RB,9,75,false
SWE,1994,Lučić,teddy-lucic,15,71,CB,9,71,false
SWE,1994,Limpar,anders-limpar,16,80,LW/LM,80,36,false
SWE,1994,Rehn,stefan-rehn,17,73,CM,33,33,false
SWE,1994,Mild,hakan-mild,18,76,CM,34,34,false
SWE,1994,K. Andersson,kennet-andersson,19,83,ST/RW,83,10,false
SWE,1994,Erlingmark,magnus-erlingmark,20,70,CB,8,70,false
SWE,1994,Blomqvist,jesper-blomqvist,21,76,LW/LM,76,34,false
SWE,1994,Hedman,magnus-hedman,22,72,GK,0,72,false
SWE,2018,Olsen,robin-olsen,1,81,GK,0,81,false
SWE,2018,Lustig,mikael-lustig,2,78,RB,9,78,false
SWE,2018,Lindelöf,victor-lindelof,3,84,CB,10,84,true
SWE,2018,Granqvist,andreas-granqvist,4,83,CB,10,83,false
SWE,2018,M. Olsson,martin-olsson,5,76,LB/RM,34,76,false
SWE,2018,Augustinsson,ludwig-augustinsson,6,79,LB,9,79,false
SWE,2018,S. Larsson,sebastian-larsson,7,77,CM/RM,35,35,false
SWE,2018,Ekdal,albin-ekdal,8,78,CM,35,35,false
SWE,2018,Berg,marcus-berg,9,82,ST,82,10,false
SWE,2018,Forsberg,emil-forsberg,10,85,LW/CM,85,38,true
SWE,2018,Guidetti,john-guidetti,11,77,ST,77,9,false
SWE,2018,Johnsson,karl-johan-johnsson,12,72,GK,0,72,false
SWE,2018,G. Svensson,gustav-svensson,13,74,CM/RM,33,33,false
SWE,2018,Helander,filip-helander,14,75,CB,9,75,false
SWE,2018,Hiljemark,oscar-hiljemark,15,73,CM,33,33,false
SWE,2018,Krafth,emil-krafth,16,73,RB/RM,33,73,false
SWE,2018,Claesson,viktor-claesson,17,79,RW/RM,79,36,false
SWE,2018,Jansson,pontus-jansson,18,80,CB,10,80,false
SWE,2018,Rohden,marcus-rohden,19,74,CM/RM,33,33,false
SWE,2018,Toivonen,ola-toivonen,20,78,ST/LW,78,9,false
SWE,2018,Durmaz,jimmy-durmaz,21,75,RM/LM,34,34,false
SWE,2018,Kiese Thelin,isaac-kiese-thelin,22,74,ST,74,9,false
SWE,2018,Nordfeldt,kristoffer-nordfeldt,23,75,GK,0,75,false
TUR,2002,Rüştü,rustu-recber,1,84,GK,0,84,false
TUR,2002,Emre Aşık,emre-asik,2,74,CB,9,74,false
TUR,2002,Bülent Korkmaz,bulent-korkmaz,3,78,CB,9,78,false
TUR,2002,Fatih Akyel,fatih-akyel,4,75,RB/RM,34,75,false
TUR,2002,Alpay,alpay-ozalan,5,78,CB,9,78,false
TUR,2002,Arif Erdem,arif-erdem,6,75,ST/RW,75,9,false
TUR,2002,Okan Buruk,okan-buruk,7,78,RM/CM,35,35,false
TUR,2002,Tugay,tugay-kerimoglu,8,80,CM/RM,36,36,false
TUR,2002,Hakan Şükür,hakan-sukur,9,83,ST,83,10,false
TUR,2002,Baştürk,yildiray-basturk,10,80,CM/LM,36,36,false
TUR,2002,Hasan Şaş,hasan-sas,11,78,LW/LM,78,35,false
TUR,2002,Ömer Çatkıç,omer-catkic,12,70,GK,0,70,false
TUR,2002,Izzet,muzzy-izzet,13,76,CM/RM,34,34,false
TUR,2002,Tayfur Havutçu,tayfur-havutcu,14,73,LM/CM,33,33,false
TUR,2002,Nihat,nihat-kahveci,15,78,ST/RW,78,9,false
TUR,2002,Ümit Özat,umit-ozat,16,73,CB/RB,9,73,false
TUR,2002,İlhan Mansız,ilhan-mansiz,17,80,ST/LW,80,10,false
TUR,2002,Ergün Penbe,ergun-penbe,18,71,RM/CB,32,71,false
TUR,2002,Abdullah Ercan,abdullah-ercan,19,71,LM/CM,32,32,false
TUR,2002,Hakan Ünsal,hakan-unsal,20,75,LB,9,75,false
TUR,2002,Emre,emre-belozoglu,21,82,CM/RM,37,37,false
TUR,2002,Ümit Davala,umit-davala,22,76,RM/RW,76,34,false
TUR,2002,Zafer,zafer-ozgultekin,23,67,GK,0,67,false
UKR,2006,Shovkovskyi,shovkovskyi,1,82,GK,0,82,false
UKR,2006,Nesmachniy,nesmachniy,2,78,LB,9,78,false
UKR,2006,Yatsenko,yatsenko,3,71,RB/LB,9,71,false
UKR,2006,Tymoshchuk,tymoshchuk,4,84,CM,38,38,false
UKR,2006,Yezerskiy,yezerskiy,5,76,RB/CB,9,76,false
UKR,2006,Rusol,rusol,6,78,CB,9,78,false
UKR,2006,Shevchenko,shevchenko,7,87,ST,87,10,true
UKR,2006,Shelayev,shelayev,8,76,CM/RM,34,34,false
UKR,2006,Husyev,husyev,9,79,RW/RM,79,36,false
UKR,2006,Voronin,voronin,10,81,ST/LW,81,10,false
UKR,2006,Rebrov,rebrov,11,80,ST,80,10,false
UKR,2006,Pyatov,pyatov,12,73,GK,0,73,false
UKR,2006,Chyhrynskyi,chyhrynskyi,13,73,CB,9,73,false
UKR,2006,Husin,husin,14,77,CM/CB,35,77,false
UKR,2006,Milevskyi,milevskyi,15,74,ST/LW,74,9,false
UKR,2006,Vorobey,vorobey,16,76,LW/RW,76,9,false
UKR,2006,Vashchuk,vashchuk,17,77,CB,9,77,false
UKR,2006,Nazarenko,nazarenko,18,75,RM/CM,34,34,false
UKR,2006,Kalynychenko,kalynychenko,19,77,LM/CM,35,35,false
UKR,2006,Byelik,byelik,20,72,ST,72,9,false
UKR,2006,Rotan,rotan,21,76,CM/RM,34,34,false
UKR,2006,Sviderskyi,sviderskyi,22,73,CB/RB,9,73,false
UKR,2006,Shust,shust,23,70,GK,0,70,false
URU,1970,Mazurkiewicz,ladislao-mazurkiewicz,1,86,GK,0,86,true
URU,1970,Ancheta,atilio-ancheta,2,78,CB,9,78,false
URU,1970,Matosas,roberto-matosas,3,76,CB/RB,9,76,false
URU,1970,Ubiña,luis-ubina,4,77,CB/RB,9,77,false
URU,1970,Montero Castillo,julio-montero-castillo,5,78,CM/RM,35,35,false
URU,1970,Mujica,juan-mujica,6,76,LB/CB,9,76,false
URU,1970,Cubilla,luis-cubilla,7,82,RW/ST,82,10,false
URU,1970,Rocha,pedro-rocha,8,85,CM/LM/ST,85,38,false
URU,1970,Espárrago,victor-esparrago,9,76,CM/LM,34,34,false
URU,1970,Maneiro,ildo-maneiro,10,74,CM,33,33,false
URU,1970,Morales,julio-morales,11,76,LW/ST,76,9,false
URU,1970,Santos,hector-santos,12,66,GK,0,66,false
URU,1970,Sandoval,rodolfo-sandoval,13,66,CB/LB,8,66,false
URU,1970,Cámera,francisco-camera,14,66,CB,8,66,false
URU,1970,Fontes,dagoberto-fontes,15,68,CM/RM,31,31,false
URU,1970,Caetano,omar-caetano,16,75,RB/CB,9,75,false
URU,1970,Bareño,ruben-bareno,17,69,ST/RW,69,8,false
URU,1970,Gómez,alberto-gomez,18,67,ST/LW,67,8,false
URU,1970,Zubia,oscar-zubia,19,69,ST,69,8,false
URU,1970,Cortés,julio-cesar-cortes,20,74,CM/RM,33,33,false
URU,1970,Losada,julio-losada,21,66,ST/LW,66,8,false
URU,1970,Corbo,walter-corbo,22,64,GK,0,64,false
URU,1974,Mazurkiewicz,ladislao-mazurkiewicz,1,88,GK,0,88,true
URU,1974,Jáuregui,baudilio-jauregui,2,72,RB,9,72,false
URU,1974,Masnik,juan-carlos-masnik,3,77,CB/LB,9,77,false
URU,1974,Forlán,pablo-forlan,4,76,CB,9,76,false
URU,1974,Montero,julio-montero-castillo,5,78,CB,9,78,false
URU,1974,Pavoni,ricardo-pavoni,6,73,CB/LB,9,73,false
URU,1974,Cubilla,luis-cubilla,7,84,RW/LM,84,38,true
URU,1974,Espárrago,victor-esparrago,8,79,CM/LM,36,36,false
URU,1974,Morena,fernando-morena,9,81,ST,81,10,false
URU,1974,P. Rocha,pedro-rocha,10,83,CM/LM,37,37,false
URU,1974,Corbo,ruben-corbo,11,74,ST/LW,74,9,false
URU,1974,H. Santos,hector-santos,12,71,GK,0,71,false
URU,1974,De Simone,gustavo-de-simone,13,72,CB,9,72,false
URU,1974,Garisto,luis-garisto,14,71,CB/RB,9,71,false
URU,1974,M. González,mario-gonzalez,15,73,CB/RB,9,73,false
URU,1974,Cardaccio,alberto-cardaccio,16,73,CM/RM,33,33,false
URU,1974,Jiménez,julio-cesar-jimenez,17,72,CM/RM,32,32,false
URU,1974,Mantegazza,walter-mantegazza,18,72,CM/LM,32,32,false
URU,1974,Milar,denis-milar,19,71,ST/LW,71,9,false
URU,1974,J. Silva,juan-silva,20,72,ST/RW,72,9,false
URU,1974,J. Gómez,jose-gomez,21,70,ST,70,8,false
URU,1974,G. Fernández,gustavo-fernandez,22,68,GK,0,68,false
URU,1986,Rodríguez,rodolfo-rodriguez,1,76,GK,0,76,false
URU,1986,Gutiérrez,nelson-gutierrez,2,74,RB,9,74,false
URU,1986,Acevedo,eduardo-acevedo,3,74,LB,9,74,false
URU,1986,Diogo,victor-diogo,4,75,CB,9,75,false
URU,1986,Bossio,miguel-bossio,5,76,CM/LM,34,34,false
URU,1986,Batista,jose-batista,6,78,CB,9,78,false
URU,1986,Alzamendi,antonio-alzamendi,7,80,LW/ST,80,10,false
URU,1986,Barrios,jorge-barrios,8,79,CM,36,36,false
URU,1986,Da Silva,jorge-da-silva,9,77,ST,77,9,false
URU,1986,Francescoli,enzo-francescoli,10,90,CM/ST,90,41,true
URU,1986,Santín,sergio-santin,11,75,LW/CM,75,34,false
URU,1986,Álvez,fernando-alvez,12,80,GK,0,80,false
URU,1986,Vega,cesar-vega,13,73,CB,9,73,false
URU,1986,Pereyra,dario-pereyra,14,77,RB,9,77,false
URU,1986,Rivero,eliseo-rivero,15,74,CB,9,74,false
URU,1986,Saralegui,mario-saralegui,16,77,CM,35,35,false
URU,1986,Zalazar,jose-zalazar,17,74,RM/CM,33,33,false
URU,1986,Paz,ruben-paz,18,82,CM/ST,82,37,false
URU,1986,Ramos,venancio-ramos,19,73,ST,73,9,false
URU,1986,Aguilera,carlos-aguilera,20,83,RW/ST,83,10,true
URU,1986,Cabrera,wilmar-cabrera,21,78,ST,78,9,false
URU,1986,Otero,celso-otero,22,72,GK,0,72,false
URU,2010,Muslera,fernando-muslera,1,80,GK,0,80,false
URU,2010,Lugano,diego-lugano,2,81,CB,10,81,false
URU,2010,Godín,diego-godin,3,83,CB,10,83,false
URU,2010,Fucile,jorge-fucile,4,76,RB/LB,9,76,false
URU,2010,Gargano,walter-gargano,5,77,CM,35,35,false
URU,2010,Victorino,mauricio-victorino,6,72,CB,9,72,false
URU,2010,Cavani,edinson-cavani,7,83,ST/RW/LW,83,10,false
URU,2010,Eguren,sebastian-eguren,8,74,CM/RM,33,33,false
URU,2010,Suárez,luis-suarez,9,86,ST/LW,86,10,true
URU,2010,Forlán,diego-forlan,10,89,ST/LM/RW,89,40,true
URU,2010,Á. Pereira,alvaro-pereira,11,78,LB/LM,35,78,false
URU,2010,Castillo,juan-castillo,12,67,GK,0,67,false
URU,2010,Abreu,sebastian-abreu,13,73,ST,73,9,false
URU,2010,Lodeiro,nicolas-lodeiro,14,72,CM/LM,32,32,false
URU,2010,D. Pérez,diego-perez,15,76,CM/RM,34,34,false
URU,2010,Maxi Pereira,maxi-pereira,16,79,RB/RM,36,79,false
URU,2010,Arévalo Ríos,egidio-arevalo-rios,17,75,CM,34,34,false
URU,2010,I. González,ignacio-gonzalez,18,70,CM/RM,32,32,false
URU,2010,Scotti,andres-scotti,19,71,CB/LB,9,71,false
URU,2010,Á. Fernández,alvaro-fernandez,20,70,LM/CM,32,32,false
URU,2010,S. Fernández,sebastian-fernandez,21,69,RW/ST,69,8,false
URU,2010,Cáceres,martin-caceres,22,76,RB/CB,9,76,false
URU,2010,Silva,martin-silva,23,68,GK,0,68,false
URU,2014,Muslera,fernando-muslera,1,85,GK,0,85,false
URU,2014,Lugano,diego-lugano,2,82,CB,10,82,false
URU,2014,Godín,diego-godin,3,90,CB,11,90,true
URU,2014,Fucile,jorge-fucile,4,76,RB,9,76,false
URU,2014,Gargano,walter-gargano,5,77,CM,35,35,false
URU,2014,A. Pereira,alvaro-pereira,6,79,LB/CB,9,79,false
URU,2014,C. Rodríguez,cristian-rodriguez,7,80,LM/LW,80,36,false
URU,2014,A. Hernández,abel-hernandez,8,76,ST,76,9,false
URU,2014,Suárez,luis-suarez,9,91,ST,91,11,true
URU,2014,Forlán,diego-forlan,10,83,ST,83,10,false
URU,2014,Stuani,christian-stuani,11,75,ST/RW,75,9,false
URU,2014,R. Muñoz,rodrigo-munoz,12,70,GK,0,70,false
URU,2014,Giménez,jose-gimenez,13,74,CB,9,74,false
URU,2014,Lodeiro,nicolas-lodeiro,14,77,CM/LW,77,35,false
URU,2014,D. Pérez,diego-perez,15,78,CM,35,35,false
URU,2014,Maxi Pereira,maxi-pereira,16,81,RB,10,81,false
URU,2014,Arévalo,egidio-arevalo-rios,17,82,CM,37,37,false
URU,2014,G. Ramírez,gaston-ramirez,18,78,RM/CM,35,35,false
URU,2014,Coates,sebastian-coates,19,74,CB,9,74,false
URU,2014,A. González,alvaro-gonzalez,20,75,CM/RM,34,34,false
URU,2014,Cavani,edinson-cavani,21,89,ST,89,11,false
URU,2014,Cáceres,martin-caceres,22,81,CB/RB,10,81,false
USA,1994,Meola,tony-meola,1,78,GK,0,78,false
USA,1994,Lapper,mike-lapper,2,66,CB/RB,8,66,false
USA,1994,Burns,mike-burns,3,67,RB/CB,8,67,false
USA,1994,Kooiman,cle-kooiman,4,67,CB/RB,8,67,false
USA,1994,Dooley,thomas-dooley,5,78,CM/CB/RM,35,78,false
USA,1994,Harkes,john-harkes,6,79,CM/RM,36,36,false
USA,1994,Pérez,hugo-perez,7,74,CM/LM,33,33,false
USA,1994,Stewart,earnie-stewart,8,77,RW/RM/ST,77,35,false
USA,1994,Ramos,tab-ramos,9,80,CM/LM,36,36,false
USA,1994,Wegerle,roy-wegerle,10,75,ST/LW,75,9,false
USA,1994,Wynalda,eric-wynalda,11,80,ST/RW,80,10,false
USA,1994,Sommer,juergen-sommer,12,68,GK,0,68,false
USA,1994,Jones,cobi-jones,13,75,RW/LW/LM,75,34,false
USA,1994,Klopas,frank-klopas,14,68,ST/LW,68,8,false
USA,1994,Moore,joe-max-moore,15,72,ST/LM,72,32,false
USA,1994,Sorber,mike-sorber,16,70,CM/RM,32,32,false
USA,1994,Balboa,marcelo-balboa,17,79,CB,9,79,false
USA,1994,Friedel,brad-friedel,18,74,GK,0,74,false
USA,1994,Reyna,claudio-reyna,19,76,CM/RM,34,34,false
USA,1994,Caligiuri,paul-caligiuri,20,73,LB/CB,9,73,false
USA,1994,Clavijo,fernando-clavijo,21,70,RB/LB,8,70,false
USA,1994,Lalas,alexi-lalas,22,78,CB,9,78,false
USA,2002,Friedel,brad-friedel,1,82,GK,0,82,false
USA,2002,Hejduk,frankie-hejduk,2,74,RB/RM,33,74,false
USA,2002,Berhalter,gregg-berhalter,3,74,CB/LB,9,74,false
USA,2002,Mastroeni,pablo-mastroeni,4,75,CM/RM/CB,34,75,false
USA,2002,O'Brien,john-obrien,5,77,CM/RM,35,35,false
USA,2002,Regis,david-regis,6,71,LB/CB,9,71,false
USA,2002,Lewis,eddie-lewis,7,75,LM/LW/LB,75,75,false
USA,2002,Stewart,earnie-stewart,8,76,RW/RM/ST,76,34,false
USA,2002,Moore,joe-max-moore,9,71,ST/LM,71,32,false
USA,2002,Reyna,claudio-reyna,10,82,CM/RM,37,37,false
USA,2002,Mathis,clint-mathis,11,75,ST/LW,75,9,false
USA,2002,Agoos,jeff-agoos,12,72,CB/LB,9,72,false
USA,2002,Jones,cobi-jones,13,75,RW/LW/LM,75,34,false
USA,2002,Cherundolo,steve-cherundolo,14,74,RB/RM,33,74,false
USA,2002,Wolff,josh-wolff,15,72,ST/RW,72,9,false
USA,2002,Llamosa,carlos-llamosa,16,70,CB,8,70,false
USA,2002,Beasley,damarcus-beasley,17,78,LW/LM,78,35,false
USA,2002,Keller,kasey-keller,18,80,GK,0,80,false
USA,2002,Meola,tony-meola,19,76,GK,0,76,false
USA,2002,McBride,brian-mcbride,20,80,ST,80,10,false
USA,2002,Donovan,landon-donovan,21,83,RW/CM/ST,83,37,false
USA,2002,Sanneh,tony-sanneh,22,74,RB/CB,9,74,false
USA,2002,Pope,eddie-pope,23,77,CB,9,77,false